Workbook
Name ACTION: #REF!

Sheet Cover
B2: TEST CASE
B3: Version: | C3: 1.0
B4: Issue date: | C4: 46257
B6: Project Name: | C6: SpringMediCare
B7: Project Code: | C7: SMC
B10: Lịch sử thay đổi
B11: Ngày | C11: Phiên bản | D11: Vị trí thay đổi | E11: Mô tả thay đổi | F11: Người thực hiện
B12: 46213 | C12: 1.0 | D12: LOG | E12: Kiểm thử lần đầu chức năng Đăng nhập: 10 test case, gồm 9 Pass và 1 Fail; sau khi khắc phục, test case lỗi được Retest và đạt Pass. | F12: Dương Lê Kim Phụng
B13: 46218 | C13: 1.1 | D13: REGISTER | E13: Kiểm thử lần đầu chức năng Đăng ký: 19 test case, gồm 11 Pass và 8 Fail. | F13: Dương Lê Kim Phụng
B14: 46219 | C14: 1.2 | D14: REGISTER | E14: Retest 8 test case Đăng ký bị Fail sau khi khắc phục; tất cả đều đạt Pass. | F14: Dương Lê Kim Phụng
B15: 46226 | C15: 1.3 | D15: BOOKING | E15: Kiểm thử lần đầu chức năng Đặt lịch: 8 test case, gồm 7 Pass và 1 Fail; test case lỗi được Retest và đạt Pass. | F15: Dương Lê Kim Phụng
B16: 46232 | C16: 1.4 | D16: APPOINTMENT | E16: Kiểm thử lần đầu chức năng Quản lý lịch hẹn: 9 test case, gồm 5 Pass và 4 Fail. | F16: Dương Lê Kim Phụng
B17: 46233 | C17: 1.5 | D17: APPOINTMENT, MEDICAL | E17: Retest các test case Lịch hẹn đã được khắc phục; đồng thời thực hiện kiểm thử lần đầu chức năng Hồ sơ y tế với 9 test case, gồm 7 Pass và 2 Fail. | F17: Dương Lê Kim Phụng
B18: 46234 | C18: 1.6 | D18: MEDICAL | E18: Retest 2 test case Hồ sơ y tế bị Fail sau khi khắc phục; cả 2 đều đạt Pass. | F18: Dương Lê Kim Phụng
B19: 46240 | C19: 1.7 | D19: DS_ADMIN | E19: Kiểm thử lần đầu chức năng Quản lý lịch làm việc bác sĩ; ghi nhận các test case Pass và các trường hợp Fail cần khắc phục. | F19: Dương Lê Kim Phụng
B20: 46241 | C20: 1.8 | D20: DS_ADMIN | E20: Retest các test case Quản lý lịch làm việc bác sĩ đã được khắc phục; các trường hợp được kiểm tra lại đạt Pass. | F20: Dương Lê Kim Phụng
B21: 46242 | C21: 1.9 | D21: DS_ADMIN | E21: Tiếp tục kiểm thử chức năng Quản lý lịch làm việc bác sĩ và Retest trường hợp lỗi sau khi khắc phục. | F21: Dương Lê Kim Phụng
B22: 46245 | C22: 1.10 | D22: MYAPPOINTMENT | E22: Kiểm thử chức năng Lịch hẹn của tôi: 5 test case và tất cả đều đạt Pass. | F22: Dương Lê Kim Phụng
B23: 46246 | C23: 1.11 | D23: HISTORY | E23: Kiểm thử lần đầu chức năng Lịch sử khám bệnh; ghi nhận 1 test case Fail cần khắc phục. | F23: Dương Lê Kim Phụng
... B30: 46257 | C30: 2,0 | D30: TEST SUMMARY, Test Report, Cover | E30: Tổng hợp kết quả kiểm thử, cập nhật Test Summary, Test Report và hoàn thiện tài liệu test case. | F30: Dương Lê Kim Phụng

Sheet TEST SUMMARY
A3: TEST SUMMARY
B5: Project Name: SpringMediCareWeb - Testing
B7: Test Result Summary:
B9: No. | C9: Module | D9: Total TC | E9: Initial Pass | F9: Initial Fail | G9: Retest Pass | H9: Final Pass | I9: Final Fail
B10: 1 | C10: Login | D10: =COUNTIF(LOG!A:A,"TC-*") -> 10 | E10: =COUNTIF(LOG!I:I,"Pass") -> 9 | F10: =COUNTIF(LOG!I:I,"Fail") -> 1 | G10: =COUNTIF(LOG!L:L,"Pass") -> 1 | H10: =COUNTIF(LOG!I:I,"Pass")+COUNTIFS(LOG!I:I,"Fail",LOG!L:L,"Pass") -> 10 | I10: =COUNTIFS(LOG!I:I,"Fail",LOG!L:L,"<>Pass") -> 0
B11: 2 | C11: Register | D11: =COUNTIF(REGISTER!A:A,"TC-*") -> 19 | E11: =COUNTIF(REGISTER!I:I,"Pass") -> 11 | F11: =COUNTIF(REGISTER!I:I,"Fail") -> 8 | G11: =COUNTIF(REGISTER!L:L,"Pass") -> 8 | H11: =COUNTIF(REGISTER!I:I,"Pass")+COUNTIFS(REGISTER!I:I,"Fail",REGISTER!L:L,"Pass") -> 19 | I11: =COUNTIFS(REGISTER!I:I,"Fail",REGISTER!L:L,"<>Pass") -> 0
B12: 3 | C12: Booking | D12: =COUNTIF(BOOKING!A:A,"TC-*") -> 10 | E12: =COUNTIF(BOOKING!I:I,"Pass") -> 8 | F12: =COUNTIF(BOOKING!I:I,"Fail") -> 2 | G12: =COUNTIF(BOOKING!L:L,"Pass") -> 1 | H12: =COUNTIF(BOOKING!I:I,"Pass")+COUNTIFS(BOOKING!I:I,"Fail",BOOKING!L:L,"Pass") -> 9 | I12: =COUNTIFS(BOOKING!I:I,"Fail",BOOKING!L:L,"<>Pass") -> 1
B13: 4 | C13: Appointment | D13: =COUNTIF(APPOINTMENT!A:A,"TC-*") -> 9 | E13: =COUNTIF(APPOINTMENT!I:I,"Pass") -> 5 | F13: =COUNTIF(APPOINTMENT!I:I,"Fail") -> 4 | G13: =COUNTIF(APPOINTMENT!L:L,"Pass") -> 3 | H13: =COUNTIF(APPOINTMENT!I:I,"Pass")+COUNTIFS(APPOINTMENT!I:I,"Fail",APPOINTMENT!L:L,"Pass") -> 8 | I13: =COUNTIFS(APPOINTMENT!I:I,"Fail",APPOINTMENT!L:L,"<>Pass") -> 1
B14: 5 | C14: Medical | D14: =COUNTIF(MEDICAL!A:A,"TC-*") -> 9 | E14: =COUNTIF(MEDICAL!I:I,"Pass") -> 7 | F14: =COUNTIF(MEDICAL!I:I,"Fail") -> 2 | G14: =COUNTIF(MEDICAL!L:L,"Pass") -> 2 | H14: =COUNTIF(MEDICAL!I:I,"Pass")+COUNTIFS(MEDICAL!I:I,"Fail",MEDICAL!L:L,"Pass") -> 9 | I14: =COUNTIFS(MEDICAL!I:I,"Fail",MEDICAL!L:L,"<>Pass") -> 0
B15: 6 | C15: Doctor Schedule Admin | D15: =COUNTIF(DS_ADMIN!A:A,"TC-*") -> 20 | E15: =COUNTIF(DS_ADMIN!I:I,"Pass") -> 13 | F15: =COUNTIF(DS_ADMIN!I:I,"Fail") -> 7 | G15: =COUNTIF(DS_ADMIN!L:L,"Pass") -> 6 | H15: =COUNTIF(DS_ADMIN!I:I,"Pass")+COUNTIFS(DS_ADMIN!I:I,"Fail",DS_ADMIN!L:L,"Pass") -> 19 | I15: =COUNTIFS(DS_ADMIN!I:I,"Fail",DS_ADMIN!L:L,"<>Pass") -> 1
B16: 7 | C16: My Appointment | D16: =COUNTIF(MYAPPOINTMENT!A:A,"TC-*") -> 5 | E16: =COUNTIF(MYAPPOINTMENT!I:I,"Pass") -> 5 | F16: =COUNTIF(MYAPPOINTMENT!I:I,"Fail") -> 0 | G16: =COUNTIF(MYAPPOINTMENT!L:L,"Pass") -> 0 | H16: =COUNTIF(MYAPPOINTMENT!I:I,"Pass")+COUNTIFS(MYAPPOINTMENT!I:I,"Fail",MYAPPOINTMENT!L:L,"Pass") -> 5 | I16: =COUNTIFS(MYAPPOINTMENT!I:I,"Fail",MYAPPOINTMENT!L:L,"<>Pass") -> 0
B17: 8 | C17: History | D17: =COUNTIF(HISTORY!A:A,"TC-*") -> 6 | E17: =COUNTIF(HISTORY!I:I,"Pass") -> 5 | F17: =COUNTIF(HISTORY!I:I,"Fail") -> 1 | G17: =COUNTIF(HISTORY!L:L,"Pass") -> 1 | H17: =COUNTIF(HISTORY!I:I,"Pass")+COUNTIFS(HISTORY!I:I,"Fail",HISTORY!L:L,"Pass") -> 6 | I17: =COUNTIFS(HISTORY!I:I,"Fail",HISTORY!L:L,"<>Pass") -> 0
B18: 9 | C18: Work Schedule | D18: =COUNTIF(WORKSCHEDULE!A:A,"TC-*") -> 5 | E18: =COUNTIF(WORKSCHEDULE!I:I,"Pass") -> 5 | F18: =COUNTIF(WORKSCHEDULE!I:I,"Fail") -> 0 | G18: =COUNTIF(WORKSCHEDULE!L:L,"Pass") -> 0 | H18: =COUNTIF(WORKSCHEDULE!I:I,"Pass")+COUNTIFS(WORKSCHEDULE!I:I,"Fail",WORKSCHEDULE!L:L,"Pass") -> 5 | I18: =COUNTIFS(WORKSCHEDULE!I:I,"Fail",WORKSCHEDULE!L:L,"<>Pass") -> 0
B19: 10 | C19: Notification | D19: =COUNTIF(NOTIFICATION!A:A,"TC-*") -> 9 | E19: =COUNTIF(NOTIFICATION!I:I,"Pass") -> 4 | F19: =COUNTIF(NOTIFICATION!I:I,"Fail") -> 5 | G19: =COUNTIF(NOTIFICATION!L:L,"Pass") -> 4 | H19: =COUNTIF(NOTIFICATION!I:I,"Pass")+COUNTIFS(NOTIFICATION!I:I,"Fail",NOTIFICATION!L:L,"Pass") -> 8 | I19: =COUNTIFS(NOTIFICATION!I:I,"Fail",NOTIFICATION!L:L,"<>Pass") -> 1
B20: 11 | C20: Doctor | D20: =COUNTIF(DOCTOR!A:A,"TC-*") -> 4 | E20: =COUNTIF(DOCTOR!I:I,"Pass") -> 4 | F20: =COUNTIF(DOCTOR!I:I,"Fail") -> 0 | G20: =COUNTIF(DOCTOR!L:L,"Pass") -> 0 | H20: =COUNTIF(DOCTOR!I:I,"Pass")+COUNTIFS(DOCTOR!I:I,"Fail",DOCTOR!L:L,"Pass") -> 4 | I20: =COUNTIFS(DOCTOR!I:I,"Fail",DOCTOR!L:L,"<>Pass") -> 0
B21: 12 | C21: Specialty | D21: =COUNTIF(SPECIALTY!A:A,"TC-*") -> 5 | E21: =COUNTIF(SPECIALTY!I:I,"Pass") -> 5 | F21: =COUNTIF(SPECIALTY!I:I,"Fail") -> 0 | G21: =COUNTIF(SPECIALTY!L:L,"Pass") -> 0 | H21: =COUNTIF(SPECIALTY!I:I,"Pass")+COUNTIFS(SPECIALTY!I:I,"Fail",SPECIALTY!L:L,"Pass") -> 5 | I21: =COUNTIFS(SPECIALTY!I:I,"Fail",SPECIALTY!L:L,"<>Pass") -> 0
B22: 13 | C22: Drug Category | D22: =COUNTIF(DRUG_CATEGORY!A:A,"TC-*") -> 11 | E22: =COUNTIF(DRUG_CATEGORY!I:I,"Pass") -> 10 | F22: =COUNTIF(DRUG_CATEGORY!I:I,"Fail") -> 1 | G22: =COUNTIF(DRUG_CATEGORY!L:L,"Pass") -> 0 | H22: =COUNTIF(DRUG_CATEGORY!I:I,"Pass")+COUNTIFS(DRUG_CATEGORY!I:I,"Fail",DRUG_CATEGORY!L:L,"Pass") -> 10 | I22: =COUNTIFS(DRUG_CATEGORY!I:I,"Fail",DRUG_CATEGORY!L:L,"<>Pass") -> 1
B23: 14 | C23: Statistics | D23: =COUNTIF(STAT!A:A,"TC-*") -> 4 | E23: =COUNTIF(STAT!I:I,"Pass") -> 4 | F23: =COUNTIF(STAT!I:I,"Fail") -> 0 | G23: =COUNTIF(STAT!L:L,"Pass") -> 0 | H23: =COUNTIF(STAT!I:I,"Pass")+COUNTIFS(STAT!I:I,"Fail",STAT!L:L,"Pass") -> 4 | I23: =COUNTIFS(STAT!I:I,"Fail",STAT!L:L,"<>Pass") -> 0
B24: Tổng | D24: =SUM(D9:D23) -> 126 | E24: =SUM(E9:E23) -> 95 | F24: =SUM(F9:F23) -> 31 | G24: =SUM(G9:G23) -> 26 | H24: =SUM(H9:H23) -> 121 | I24: =SUM(I9:I23) -> 5

Sheet Test Report
A1: TEST REPORT
B3: Note: | C3: Final test execution summary after retesting.
B4: Date | C4: 46257
B7: No | C7: Module code | D7: Pass | E7: Fail | F7: Pending | G7: Number of test cases
B8: =ROW()-7 -> 1 | C8: =LOG!B4 -> AUTH - Login | D8: =COUNTIFS(LOG!A:A,"TC-*",LOG!L:L,"Pass")+COUNTIFS(LOG!A:A,"TC-*",LOG!L:L,"",LOG!I:I,"Pass") -> 10 | E8: =COUNTIFS(LOG!A:A,"TC-*",LOG!L:L,"Fail")+COUNTIFS(LOG!A:A,"TC-*",LOG!L:L,"",LOG!I:I,"Fail") -> 0 | F8: =COUNTIFS(LOG!A:A,"TC-*",LOG!L:L,"Pending")+COUNTIFS(LOG!A:A,"TC-*",LOG!L:L,"",LOG!I:I,"Pending") -> 0 | G8: =COUNTIF(LOG!A:A,"TC-*") -> 10
B9: =ROW()-7 -> 2 | C9: =REGISTER!B4 -> AUTH - Register | D9: =COUNTIFS(REGISTER!A:A,"TC-*",REGISTER!L:L,"Pass")+COUNTIFS(REGISTER!A:A,"TC-*",REGISTER!L:L,"",REGISTER!I:I,"Pass") -> 19 | E9: =COUNTIFS(REGISTER!A:A,"TC-*",REGISTER!L:L,"Fail")+COUNTIFS(REGISTER!A:A,"TC-*",REGISTER!L:L,"",REGISTER!I:I,"Fail") -> 0 | F9: =COUNTIFS(REGISTER!A:A,"TC-*",REGISTER!L:L,"Pending")+COUNTIFS(REGISTER!A:A,"TC-*",REGISTER!L:L,"",REGISTER!I:I,"Pending") -> 0 | G9: =COUNTIF(REGISTER!A:A,"TC-*") -> 19
B10: =ROW()-7 -> 3 | C10: =BOOKING!B4 -> BOOKING - Appointment Booking | D10: =COUNTIFS(BOOKING!A:A,"TC-*",BOOKING!L:L,"Pass")+COUNTIFS(BOOKING!A:A,"TC-*",BOOKING!L:L,"",BOOKING!I:I,"Pass") -> 9 | E10: =COUNTIFS(BOOKING!A:A,"TC-*",BOOKING!L:L,"Fail")+COUNTIFS(BOOKING!A:A,"TC-*",BOOKING!L:L,"",BOOKING!I:I,"Fail") -> 1 | F10: =COUNTIFS(BOOKING!A:A,"TC-*",BOOKING!L:L,"Pending")+COUNTIFS(BOOKING!A:A,"TC-*",BOOKING!L:L,"",BOOKING!I:I,"Pending") -> 0 | G10: =COUNTIF(BOOKING!A:A,"TC-*") -> 10
B11: =ROW()-7 -> 4 | C11: =APPOINTMENT!B4 -> APPOINTMENT - Appointment Management | D11: =COUNTIFS(APPOINTMENT!A:A,"TC-*",APPOINTMENT!L:L,"Pass")+COUNTIFS(APPOINTMENT!A:A,"TC-*",APPOINTMENT!L:L,"",APPOINTMENT!I:I,"Pass") -> 8 | E11: =COUNTIFS(APPOINTMENT!A:A,"TC-*",APPOINTMENT!L:L,"Fail")+COUNTIFS(APPOINTMENT!A:A,"TC-*",APPOINTMENT!L:L,"",APPOINTMENT!I:I,"Fail") -> 1 | F11: =COUNTIFS(APPOINTMENT!A:A,"TC-*",APPOINTMENT!L:L,"Pending")+COUNTIFS(APPOINTMENT!A:A,"TC-*",APPOINTMENT!L:L,"",APPOINTMENT!I:I,"Pending") -> 0 | G11: =COUNTIF(APPOINTMENT!A:A,"TC-*") -> 9
B12: =ROW()-7 -> 5 | C12: =MEDICAL!B4 -> MEDICAL - Medical Record Management | D12: =COUNTIFS(MEDICAL!A:A,"TC-*",MEDICAL!L:L,"Pass")+COUNTIFS(MEDICAL!A:A,"TC-*",MEDICAL!L:L,"",MEDICAL!I:I,"Pass") -> 9 | E12: =COUNTIFS(MEDICAL!A:A,"TC-*",MEDICAL!L:L,"Fail")+COUNTIFS(MEDICAL!A:A,"TC-*",MEDICAL!L:L,"",MEDICAL!I:I,"Fail") -> 0 | F12: =COUNTIFS(MEDICAL!A:A,"TC-*",MEDICAL!L:L,"Pending")+COUNTIFS(MEDICAL!A:A,"TC-*",MEDICAL!L:L,"",MEDICAL!I:I,"Pending") -> 0 | G12: =COUNTIF(MEDICAL!A:A,"TC-*") -> 9
B13: =ROW()-7 -> 6 | C13: =DS_ADMIN!B4 -> SCHEDULE - Doctor Schedule Management | D13: =COUNTIFS(DS_ADMIN!A:A,"TC-*",DS_ADMIN!L:L,"Pass")+COUNTIFS(DS_ADMIN!A:A,"TC-*",DS_ADMIN!L:L,"",DS_ADMIN!I:I,"Pass") -> 19 | E13: =COUNTIFS(DS_ADMIN!A:A,"TC-*",DS_ADMIN!L:L,"Fail")+COUNTIFS(DS_ADMIN!A:A,"TC-*",DS_ADMIN!L:L,"",DS_ADMIN!I:I,"Fail") -> 1 | F13: =COUNTIFS(DS_ADMIN!A:A,"TC-*",DS_ADMIN!L:L,"Pending")+COUNTIFS(DS_ADMIN!A:A,"TC-*",DS_ADMIN!L:L,"",DS_ADMIN!I:I,"Pending") -> 0 | G13: =COUNTIF(DS_ADMIN!A:A,"TC-*") -> 20
B14: =ROW()-7 -> 7 | C14: =MYAPPOINTMENT!B4 -> PATIENT - My Appointments | D14: =COUNTIFS(MYAPPOINTMENT!A:A,"TC-*",MYAPPOINTMENT!L:L,"Pass")+COUNTIFS(MYAPPOINTMENT!A:A,"TC-*",MYAPPOINTMENT!L:L,"",MYAPPOINTMENT!I:I,"Pass") -> 5 | E14: =COUNTIFS(MYAPPOINTMENT!A:A,"TC-*",MYAPPOINTMENT!L:L,"Fail")+COUNTIFS(MYAPPOINTMENT!A:A,"TC-*",MYAPPOINTMENT!L:L,"",MYAPPOINTMENT!I:I,"Fail") -> 0 | F14: =COUNTIFS(MYAPPOINTMENT!A:A,"TC-*",MYAPPOINTMENT!L:L,"Pending")+COUNTIFS(MYAPPOINTMENT!A:A,"TC-*",MYAPPOINTMENT!L:L,"",MYAPPOINTMENT!I:I,"Pending") -> 0 | G14: =COUNTIF(MYAPPOINTMENT!A:A,"TC-*") -> 5
B15: =ROW()-7 -> 8 | C15: =HISTORY!B4 -> MEDICAL - Medical History | D15: =COUNTIFS(HISTORY!A:A,"TC-*",HISTORY!L:L,"Pass")+COUNTIFS(HISTORY!A:A,"TC-*",HISTORY!L:L,"",HISTORY!I:I,"Pass") -> 6 | E15: =COUNTIFS(HISTORY!A:A,"TC-*",HISTORY!L:L,"Fail")+COUNTIFS(HISTORY!A:A,"TC-*",HISTORY!L:L,"",HISTORY!I:I,"Fail") -> 0 | F15: =COUNTIFS(HISTORY!A:A,"TC-*",HISTORY!L:L,"Pending")+COUNTIFS(HISTORY!A:A,"TC-*",HISTORY!L:L,"",HISTORY!I:I,"Pending") -> 0 | G15: =COUNTIF(HISTORY!A:A,"TC-*") -> 6
B16: =ROW()-7 -> 9 | C16: =WORKSCHEDULE!B4 -> SCHEDULE - Doctor Work Schedule | D16: =COUNTIFS(WORKSCHEDULE!A:A,"TC-*",WORKSCHEDULE!L:L,"Pass")+COUNTIFS(WORKSCHEDULE!A:A,"TC-*",WORKSCHEDULE!L:L,"",WORKSCHEDULE!I:I,"Pass") -> 5 | E16: =COUNTIFS(WORKSCHEDULE!A:A,"TC-*",WORKSCHEDULE!L:L,"Fail")+COUNTIFS(WORKSCHEDULE!A:A,"TC-*",WORKSCHEDULE!L:L,"",WORKSCHEDULE!I:I,"Fail") -> 0 | F16: =COUNTIFS(WORKSCHEDULE!A:A,"TC-*",WORKSCHEDULE!L:L,"Pending")+COUNTIFS(WORKSCHEDULE!A:A,"TC-*",WORKSCHEDULE!L:L,"",WORKSCHEDULE!I:I,"Pending") -> 0 | G16: =COUNTIF(WORKSCHEDULE!A:A,"TC-*") -> 5
B17: =ROW()-7 -> 10 | C17: =NOTIFICATION!B4 -> NOTIFICATION - Patient Notifications | D17: =COUNTIFS(NOTIFICATION!A:A,"TC-*",NOTIFICATION!L:L,"Pass")+COUNTIFS(NOTIFICATION!A:A,"TC-*",NOTIFICATION!L:L,"",NOTIFICATION!I:I,"Pass") -> 8 | E17: =COUNTIFS(NOTIFICATION!A:A,"TC-*",NOTIFICATION!L:L,"Fail")+COUNTIFS(NOTIFICATION!A:A,"TC-*",NOTIFICATION!L:L,"",NOTIFICATION!I:I,"Fail") -> 1 | F17: =COUNTIFS(NOTIFICATION!A:A,"TC-*",NOTIFICATION!L:L,"Pending")+COUNTIFS(NOTIFICATION!A:A,"TC-*",NOTIFICATION!L:L,"",NOTIFICATION!I:I,"Pending") -> 0 | G17: =COUNTIF(NOTIFICATION!A:A,"TC-*") -> 9
B18: =ROW()-7 -> 11 | C18: =DOCTOR!B4 -> DOCTOR - Doctor Management | D18: =COUNTIFS(DOCTOR!A:A,"TC-*",DOCTOR!L:L,"Pass")+COUNTIFS(DOCTOR!A:A,"TC-*",DOCTOR!L:L,"",DOCTOR!I:I,"Pass") -> 4 | E18: =COUNTIFS(DOCTOR!A:A,"TC-*",DOCTOR!L:L,"Fail")+COUNTIFS(DOCTOR!A:A,"TC-*",DOCTOR!L:L,"",DOCTOR!I:I,"Fail") -> 0 | F18: =COUNTIFS(DOCTOR!A:A,"TC-*",DOCTOR!L:L,"Pending")+COUNTIFS(DOCTOR!A:A,"TC-*",DOCTOR!L:L,"",DOCTOR!I:I,"Pending") -> 0 | G18: =COUNTIF(DOCTOR!A:A,"TC-*") -> 4
B19: =ROW()-7 -> 12 | C19: =SPECIALTY!B4 -> SPECIALTY - Specialty Management | D19: =COUNTIFS(SPECIALTY!A:A,"TC-*",SPECIALTY!L:L,"Pass")+COUNTIFS(SPECIALTY!A:A,"TC-*",SPECIALTY!L:L,"",SPECIALTY!I:I,"Pass") -> 5 | E19: =COUNTIFS(SPECIALTY!A:A,"TC-*",SPECIALTY!L:L,"Fail")+COUNTIFS(SPECIALTY!A:A,"TC-*",SPECIALTY!L:L,"",SPECIALTY!I:I,"Fail") -> 0 | F19: =COUNTIFS(SPECIALTY!A:A,"TC-*",SPECIALTY!L:L,"Pending")+COUNTIFS(SPECIALTY!A:A,"TC-*",SPECIALTY!L:L,"",SPECIALTY!I:I,"Pending") -> 0 | G19: =COUNTIF(SPECIALTY!A:A,"TC-*") -> 5
B20: =ROW()-7 -> 13 | C20: =DRUG_CATEGORY!B4 -> DRUG - Drug Inventory Management | D20: =COUNTIFS(DRUG_CATEGORY!A:A,"TC-*",DRUG_CATEGORY!L:L,"Pass")+COUNTIFS(DRUG_CATEGORY!A:A,"TC-*",DRUG_CATEGORY!L:L,"",DRUG_CATEGORY!I:I,"Pass") -> 10 | E20: =COUNTIFS(DRUG_CATEGORY!A:A,"TC-*",DRUG_CATEGORY!L:L,"Fail")+COUNTIFS(DRUG_CATEGORY!A:A,"TC-*",DRUG_CATEGORY!L:L,"",DRUG_CATEGORY!I:I,"Fail") -> 1 | F20: =COUNTIFS(DRUG_CATEGORY!A:A,"TC-*",DRUG_CATEGORY!L:L,"Pending")+COUNTIFS(DRUG_CATEGORY!A:A,"TC-*",DRUG_CATEGORY!L:L,"",DRUG_CATEGORY!I:I,"Pending") -> 0 | G20: =COUNTIF(DRUG_CATEGORY!A:A,"TC-*") -> 11
B21: =ROW()-7 -> 14 | C21: =STAT!B4 -> STAT - Statistics and Reporting | D21: =COUNTIFS(STAT!A:A,"TC-*",STAT!L:L,"Pass")+COUNTIFS(STAT!A:A,"TC-*",STAT!L:L,"",STAT!I:I,"Pass") -> 4 | E21: =COUNTIFS(STAT!A:A,"TC-*",STAT!L:L,"Fail")+COUNTIFS(STAT!A:A,"TC-*",STAT!L:L,"",STAT!I:I,"Fail") -> 0 | F21: =COUNTIFS(STAT!A:A,"TC-*",STAT!L:L,"Pending")+COUNTIFS(STAT!A:A,"TC-*",STAT!L:L,"",STAT!I:I,"Pending") -> 0 | G21: =COUNTIF(STAT!A:A,"TC-*") -> 4
C22: Sub total | D22: =SUM(D8:D21) -> 121 | E22: =SUM(E8:E21) -> 5 | F22: =SUM(F8:F21) -> 0 | G22: =SUM(G8:G21) -> 126
C24: Test coverage | E24: =(D22+E22)*100/G22 -> 100 | F24: %
C25: Test successful coverage | E25: =D22*100/G22 -> 96.031746 | F25: %

Sheet LOG
A1: TEST CASE
A3: System Name： | B3: SpringMediCareWeb
A4: Module Code： | B4: AUTH - Login
A5: Test requirement: | B5: Login and Authentication
A6: Pass | B6: 9 | C6: Pending | D6: 0
A7: Fail | B7: 1 | C7: Number of test cases: | D7: 10
A9: ID | B9: Test Case Description | C9: Test Case Procedure | D9: Expected Results | G9: Actual Results | H9: Test date | I9: Status | J9: Note | K9: Retest Date | L9: Retest Status | M9: Retest Evidence
A12: 1. Kiểm tra đăng ký hợp lệ
A13: TC-LOGIN-001 | B13: Kiểm tra đăng nhập thành công bằng tên đăng nhập hợp lệ | C13: 1: Mở trang đăng nhập 2: Nhập tài khoản hợp lệ 3: Nhập đúng mật khẩu 4: Nhấn Đăng nhập 5: Kiểm tra đăng nhập thành công, chuyển đúng trang và hiển thị trạng thái đã đăng nhập | D13: Hệ thống đăng nhập thành công, chuyển đến trang chủ, hiển thị tên người dùng và nút Đăng xuất. | G13: TCLog1_1, TCLog1_2 | H13: 46213 | I13: Pass | J13: Đăng nhập thành công, hệ thống chuyển trang hiện giao diện người dùng
A14: TC-LOGIN-002 | B14: Kiểm tra đăng nhập thành công bằng email hợp lệ | C14: 1: Mở trang đăng nhập 2: Nhập email hợp lệ 3: Nhập đúng mật khẩu 4: Nhấn Đăng nhập 5: Kiểm tra đăng nhập thành công và chuyển đến trang phù hợp với vai trò | D14: Hệ thống đăng nhập thành công và chuyển đến trang chính đúng với vai trò người dùng | G14: TCLog2 | H14: 46213 | I14: Fail | J14: Hệ thống không cho đăng nhập bằng email đã tồn tại và hiển thị thông báo “Sai tên đăng nhập hoặc mật khẩu”. | K14: 46213 | L14: Pass | M14: TCLog2Retest_1,TCLog2Retest_2
A15: 2. Kiểm tra validation dữ liệu bắt buộc
A16: TC-LOGIN-003 | B16: Kiểm tra không thể đăng nhập khi bỏ trống tên đăng nhập | C16: 1: Mở trang đăng nhập 2: Để trống tên đăng nhập 3: Nhập mật khẩu 4: Nhấn Đăng nhập 5: Kiểm tra thông báo validation và xác nhận không đăng nhập | D16: Hệ thống hiển thị thông báo yêu cầu nhập tài khoản và không cho đăng nhập | G16: TCLog3 | H16: 46213 | I16: Pass | J16: Validation hoạt động đúng khi người dùng để trống tên đăng nhập.
A17: TC-LOGIN-004 | B17: Kiểm tra không thể đăng nhập khi bỏ trống mật khẩu | C17: 1: Mở trang đăng nhập 2: Nhập tên đăng nhập hợp lệ 3: Để trống mật khẩu 4: Nhấn Đăng nhập 5: Kiểm tra thông báo validation và xác nhận không đăng nhập | D17: Hệ thống hiển thị thông báo yêu cầu nhập mật khẩu và không cho đăng nhập | G17: TCLog4 | H17: 46213 | I17: Pass | J17: Validation hoạt động đúng khi người dùng để trống mật khẩu
A18: TC-LOGIN-005 | B18: Kiểm tra không thể đăng nhập khi bỏ trống tên đăng nhập và mật khẩu | C18: 1: Mở trang đăng nhập 2: Để trống tên đăng nhập 3: Để trống mật khẩu 4: Nhấn Đăng nhập 5: Kiểm tra validation các trường bắt buộc và xác nhận không đăng nhập | D18: Hệ thống hiển thị thông báo yêu cầu nhập đầy đủ thông tin đăng nhập | G18: TCLog5 | H18: 46213 | I18: Pass | J18: Validation hoạt động đúng khi người dùng để trống mật khẩu và tên đăng nhập
A19: 3. Kiểm tra dữ liệu đăng ký không hợp lệ
A20: TC-LOGIN-006 | B20: Kiểm tra không thể đăng nhập khi nhập sai mật khẩu | C20: 1: Mở trang đăng nhập 2: Nhập tên đăng nhập hợp lệ 3: Nhập mật khẩu sai 4: Nhấn Đăng nhập 5: Kiểm tra thông báo lỗi và xác nhận không đăng nhập | D20: Hệ thống không cho đăng nhập và hiển thị thông báo sai tài khoản hoặc mật khẩu | G20: TCLog6 | H20: 46213 | I20: Pass | J20: Validation hoạt động đúng khi người dùng nhập sai mật khẩu
A21: TC-LOGIN-007 | B21: Kiểm tra không thể đăng nhập với tài khoản không tồn tại | C21: 1: Mở trang đăng nhập 2: Nhập tài khoản không tồn tại 3: Nhập mật khẩu bất kỳ 4: Nhấn Đăng nhập 5: Kiểm tra thông báo lỗi và xác nhận không đăng nhập | D21: Hệ thống không cho đăng nhập và hiển thị thông báo sai tài khoản hoặc mật khẩu | G21: TCLog7 | H21: 46213 | I21: Pass | J21: Validation hoạt động đúng khi người dùng nhập sai tên đăng nhập
A22: 4. Kiểm tra xử lý sau khi đăng nhập
A23: TC-LOGIN-008 | B23: Kiểm tra đăng xuất thành công sau khi đã đăng nhập | C23: 1: Đăng nhập thành công 2: Nhấn Đăng xuất 3: Kiểm tra đăng xuất thành công và hệ thống chuyển về trạng thái chưa đăng nhập | D23: Hệ thống đăng xuất thành công và chuyển về trang đăng nhập hoặc trang chủ | G23: TCLog8_1, TCLog8_2 | H23: 46213 | I23: Pass | J23: Đăng nhập thành công, hệ thống chuyển trang hiện giao diện chưa đăng nhập
A24: TC-LOGIN-009 | B24: Kiểm tra không thể truy cập trang yêu cầu xác thực khi chưa đăng nhập | C24: 1: Đảm bảo người dùng chưa đăng nhập 2: Truy cập trực tiếp URL trang yêu cầu đăng nhập 3: Kiểm tra hệ thống chặn truy cập và chuyển về trang đăng nhập hoặc yêu cầu đăng nhập | D24: Hệ thống không cho truy cập và và hiện thông báo vui lòng đăng nhập | G24: TCLog9 | H24: 46213 | I24: Pass | J24: Hệ thống thực hiện đúng, không cho truy câp trang khi chưa đăng nhập
A25: TC-LOGIN-010 | B25: Kiểm tra trạng thái đăng nhập sau khi đăng xuất và quay lại trang trước | C25: 1: Đăng nhập thành công 2: Nhấn Đăng xuất 3: Nhấn nút Back của trình duyệt 4: Kiểm tra người dùng không thể quay lại trạng thái đã đăng nhập | D25: Hệ thống hiện trang chủ khi chưa đăng nhập | G25: TCLog10_1,TCLog10_2, TCLog10_3 | H25: 46213 | I25: Pass | J25: Hệ thống thực hiện đúng

Sheet REGISTER
A1: TEST CASE
A3: System Name： | B3: SpringMediCareWeb
A4: Module Code： | B4: AUTH - Register
A5: Test requirement: | B5: User Registration
A6: Pass | B6: 12 | C6: Pending | D6: 0
A7: Fail | B7: 7 | C7: Number of test cases: | D7: 19
A9: ID | B9: Test Case Description | C9: Test Case Procedure | D9: Expected Results | G9: Actual Results | H9: Test date | I9: Status | J9: Note | K9: Retest Date | L9: Retest Status | M9: Retest Evidence
A12: 1. Kiểm tra đăng ký hợp lệ
A13: TC-REGISTER-001 | B13: Kiểm tra đăng ký tài khoản với thông tin hợp lệ | C13: 1: Mở trang đăng ký. 2: Nhập đầy đủ thông tin hợp lệ. 3: Chọn ảnh đại diện hợp lệ. 4: Nhấn nút Đăng ký. 5: Kiểm tra kết quả sau khi nhấn Đăng ký. | D13: Hệ thống tạo tài khoản thành công, hiển thị thông báo phù hợp và chuyển người dùng đến trang đăng nhập. | G13: TCRegister1_1, TCRegister1_2, TCRegister1_3 | H13: 46218 | I13: Pass | J13: Đăng ký thành công, hệ thống chuyển trang đăng nhập
A14: 2. Kiểm tra validation dữ liệu bắt buộc
A15: TC-REGISTER-002 | B15: Kiểm tra đăng ký khi không chọn ảnh đại diện | C15: 1: Mở trang đăng ký. 2: Nhập đầy đủ thông tin hợp lệ. 3: Không chọn ảnh đại diện. 4: Nhấn nút Đăng ký. 5: Kiểm tra kết quả sau khi nhấn Đăng ký. | D15: Hệ thống không tạo tài khoản và hiển thị thông báo yêu cầu chọn ảnh đại diện. | G15: TCRegister2 | H15: 46218 | I15: Pass | J15: Hệ thống không cho đăng ký khi chưa chọn ảnh đại diện và hiển thị thông báo yêu cầu chọn ảnh.
A16: TC-REGISTER-003 | B16: Kiểm tra đăng ký khi bỏ trống họ | C16: 1: Mở trang đăng ký. 2: Để trống trường Họ. 3: Nhập hợp lệ các trường còn lại. 4: Nhấn nút Đăng ký. 5: Kiểm tra kết quả sau khi nhấn Đăng ký. | D16: Hệ thống không tạo tài khoản và hiển thị yêu cầu nhập họ. | G16: TCRegister3 | H16: 46218 | I16: Pass | J16: Hệ thống không tạo tài khoản và hiển thị yêu cầu nhập họ.
A17: TC-REGISTER-004 | B17: Kiểm tra đăng ký khi bỏ trống tên | C17: 1: Mở trang đăng ký. 2: Để trống trường Tên. 3: Nhập hợp lệ các trường còn lại. 4: Nhấn nút Đăng ký. 5: Kiểm tra kết quả sau khi nhấn Đăng ký. | D17: Hệ thống không tạo tài khoản và hiển thị yêu cầu nhập tên. | G17: TCRegister4 | H17: 46218 | I17: Pass | J17: Hệ thống không tạo tài khoản và hiển thị yêu cầu nhập tên.
A18: TC-REGISTER-005 | B18: Kiểm tra đăng ký khi bỏ trống email | C18: 1: Mở trang đăng ký. 2: Để trống trường Email. 3: Nhập hợp lệ các trường còn lại. 4: Nhấn nút Đăng ký. 5: Kiểm tra kết quả sau khi nhấn Đăng ký. | D18: Hệ thống không tạo tài khoản và hiển thị yêu cầu nhập email. | G18: TCRegister5 | H18: 46218 | I18: Pass | J18: Hệ thống không tạo tài khoản và hiển thị yêu cầu nhập email.
A19: TC-REGISTER-006 | B19: Kiểm tra đăng ký khi bỏ trống số điện thoại | C19: 1: Mở trang đăng ký. 2: Để trống trường Số điện thoại. 3: Nhập hợp lệ các trường còn lại. 4: Nhấn nút Đăng ký. 5: Kiểm tra kết quả sau khi nhấn Đăng ký. | D19: Hệ thống không tạo tài khoản và hiển thị yêu cầu nhập số điện thoại. | G19: TCRegister6 | H19: 46218 | I19: Pass | J19: Hệ thống không tạo tài khoản và hiển thị yêu cầu nhập số điện thoại.
A20: TC-REGISTER-007 | B20: Kiểm tra đăng ký khi bỏ trống tên đăng nhập | C20: 1: Mở trang đăng ký. 2: Để trống trường Tên đăng nhập. 3: Nhập hợp lệ các trường còn lại. 4: Nhấn nút Đăng ký. 5: Kiểm tra kết quả sau khi nhấn Đăng ký. | D20: Hệ thống không tạo tài khoản và hiển thị yêu cầu nhập tên đăng nhập. | G20: TCRegister7 | H20: 46218 | I20: Pass | J20: Hệ thống không tạo tài khoản và hiển thị yêu cầu nhập tên đăng nhập.
A21: TC-REGISTER-008 | B21: Kiểm tra đăng ký khi bỏ trống mật khẩu | C21: 1: Mở trang đăng ký. 2: Để trống trường Mật khẩu. 3: Nhập hợp lệ các trường còn lại. 4: Nhấn nút Đăng ký. 5: Kiểm tra kết quả sau khi nhấn Đăng ký. | D21: Hệ thống không tạo tài khoản và hiển thị yêu cầu nhập mật khẩu. | G21: TCRegister8 | H21: 46218 | I21: Pass | J21: Hệ thống không tạo tài khoản và hiển thị yêu cầu nhập mật khẩu.
A22: TC-REGISTER-009 | B22: Kiểm tra đăng ký khi bỏ trống xác nhận mật khẩu | C22: 1: Mở trang đăng ký. 2: Để trống trường Xác nhận mật khẩu. 3: Nhập hợp lệ các trường còn lại. 4: Nhấn nút Đăng ký. 5: Kiểm tra kết quả sau khi nhấn Đăng ký. | D22: Hệ thống không tạo tài khoản và hiển thị yêu cầu nhập xác nhận mật khẩu. | G22: TCRegister9 | H22: 46218 | I22: Pass | J22: Hệ thống không tạo tài khoản và hiển thị yêu cầu nhập xác nhận mật khẩu.
A23: 3. Kiểm tra định dạng dữ liệu
A24: TC-REGISTER-010 | B24: Kiểm tra đăng ký với email sai định dạng | C24: 1: Mở trang đăng ký. 2: Nhập email sai định dạng. 3: Nhập hợp lệ các trường còn lại. 4: Nhấn nút Đăng ký. 5: Kiểm tra kết quả sau khi nhấn Đăng ký. | D24: Hệ thống không tạo tài khoản và hiển thị thông báo email không hợp lệ. | G24: TCRegister10 | H24: 46218 | I24: Pass | J24: Hệ thống không cho phép đăng ký khi email không đúng định dạng và hiển thị thông báo yêu cầu nhập địa chỉ email hợp lệ.
A25: TC-REGISTER-011 | B25: Kiểm tra đăng ký với số điện thoại sai định dạng | C25: 1: Mở trang đăng ký. 2: Nhập số điện thoại 11 chữ số. 3: Nhập hợp lệ các trường còn lại. 4: Nhấn nút Đăng ký. 5: Kiểm tra kết quả sau khi nhấn Đăng ký. | D25: Hệ thống không tạo tài khoản và hiển thị thông báo số điện thoại không hợp lệ. | G25: TCRegister11_1, TCRegister11_2 | H25: 46218 | I25: Fail | J25: Hệ thống vẫn cho phép đăng ký với số điện thoại 11 chữ số và chuyển đến trang đăng nhập, không hiển thị thông báo số điện thoại không hợp lệ. | K25: 46219 | L25: Pass | M25: TCRegisterRetest11
A26: TC-REGISTER-012 | B26: Kiểm tra đăng ký khi xác nhận mật khẩu không khớp | C26: 1: Mở trang đăng ký. 2: Nhập mật khẩu hợp lệ và xác nhận mật khẩu không khớp. 3: Nhập hợp lệ các trường còn lại. 4: Nhấn nút Đăng ký. 5: Kiểm tra kết quả sau khi nhấn Đăng ký. | D26: Hệ thống không tạo tài khoản và hiển thị thông báo xác nhận mật khẩu không khớp. | G26: TCRegister12 | H26: 46218 | I26: Pass | J26: Hệ thống không cho phép đăng ký khi xác nhận mật khẩu không khớp với mật khẩu và hiển thị thông báo.
A27: TC-REGISTER-013 | B27: Kiểm tra đăng ký với mật khẩu ngắn hơn 7 ký tự | C27: 1: Mở trang đăng ký. 2: Nhập mật khẩu ngắn hơn 7 ký tự 3: Nhập xác nhận mật khẩu trùng khớp. 4: Nhập hợp lệ các trường còn lại. 5: Nhấn nút Đăng ký. 6: Kiểm tra kết quả sau khi nhấn Đăng ký. | D27: Hệ thống không tạo tài khoản và hiển thị thông báo mật khẩu không hợp lệ. | G27: TCRegister13_1, TCRegister13_2 | H27: 46218 | I27: Fail | J27: Hệ thống vẫn cho phép đăng ký với mật khẩu chỉ có 6 ký tự và chuyển đến trang đăng nhập, không hiển thị thông báo mật khẩu không hợp lệ. | K27: 46219 | L27: Pass | M27: TCRegisterRetest13
A28: TC-REGISTER-014 | B28: Kiểm tra đăng ký với mật khẩu không có chữ in hoa | C28: 1: Mở trang đăng ký. 2: Nhập mật khẩu không có chữ in hoa, có số, có chữ thường và ký tự đặc biệt 3: Nhập xác nhận mật khẩu trùng khớp. 4: Nhập hợp lệ các trường còn lại. 5: Nhấn nút Đăng ký. 6: Kiểm tra kết quả sau khi nhấn Đăng ký. | D28: Hệ thống không tạo tài khoản và hiển thị thông báo mật khẩu phải chứa ít nhất một chữ in hoa. | G28: TCRegister14_1,TCRegister14_2 | H28: 46218 | I28: Fail | J28: Hệ thống vẫn cho phép đăng ký với mật khẩu không có ký tự hoa và chuyển đến trang đăng nhập, không hiển thị thông báo mật khẩu không hợp lệ. | K28: 46219 | L28: Pass | M28: TCRegisterRetest14
A29: TC-REGISTER-015 | B29: Kiểm tra đăng ký với mật khẩu không có chữ thường | C29: 1: Mở trang đăng ký. 2: Nhập mật khẩu không có chữ thường, có số, có chữ hoa và ký tự đặc biệt 3: Nhập xác nhận mật khẩu trùng khớp. 4: Nhập hợp lệ các trường còn lại. 5: Nhấn nút Đăng ký. 6: Kiểm tra kết quả sau khi nhấn Đăng ký. | D29: Hệ thống không tạo tài khoản và hiển thị thông báo mật khẩu phải chứa ít nhất một chữ thường. | G29: TCRegister15_1, TCRegister15_2 | H29: 46218 | I29: Fail | J29: Hệ thống vẫn cho phép đăng ký với mật khẩu không có chữ thường và chuyển đến trang đăng nhập, không hiển thị thông báo mật khẩu không hợp lệ. | K29: 46219 | L29: Pass | M29: TCRegisterRetest15
A30: TC-REGISTER-016 | B30: Kiểm tra đăng ký với mật khẩu không có chữ số | C30: 1: Mở trang đăng ký. 2: Nhập mật khẩu không có số, có chữ thường, có chữ hoa và ký tự đặc biệt 3: Nhập xác nhận mật khẩu trùng khớp. 4: Nhập hợp lệ các trường còn lại. 5: Nhấn nút Đăng ký. 6: Kiểm tra kết quả sau khi nhấn Đăng ký. | D30: Hệ thống không tạo tài khoản và hiển thị thông báo mật khẩu phải chứa ít nhất một chữ số. | G30: TCRegister16_1, TCRegister16_2 | H30: 46218 | I30: Fail | J30: Hệ thống vẫn cho phép đăng ký với mật khẩu không có chữ số và chuyển đến trang đăng nhập, không hiển thị thông báo mật khẩu không hợp lệ. | K30: 46219 | L30: Pass | M30: TCRegisterRetest16
A31: TC-REGISTER-017 | B31: Kiểm tra đăng ký với mật khẩu không có ký tự đặc biệt | C31: 1: Mở trang đăng ký. 2: Nhập mật khẩu không có ký tự đặc biệt, có số, có chữ thường, có chữ hoa 3: Nhập xác nhận mật khẩu trùng khớp. 4: Nhập hợp lệ các trường còn lại. 5: Nhấn nút Đăng ký. 6: Kiểm tra kết quả sau khi nhấn Đăng ký. | D31: Hệ thống không tạo tài khoản và hiển thị thông báo mật khẩu phải chứa ít nhất một ký tự đặc biệt. | G31: TCRegister17_1,TCRegister17_2 | H31: 46218 | I31: Fail | J31: Hệ thống vẫn cho phép đăng ký với mật khẩu không có ký tự đặc biệt và chuyển đến trang đăng nhập, không hiển thị thông báo mật khẩu không hợp lệ. | K31: 46219 | L31: Pass | M31: TCRegisterRetest17
A32: 4. Kiểm tra dữ liệu đã tồn tại
A33: TC-REGISTER-018 | B33: Kiểm tra đăng ký với tên đăng nhập đã tồn tại | C33: 1: Mở trang đăng ký. 2: Nhập tên đăng nhập là patient_an đã có trong hệ thống. 3: Nhập hợp lệ các trường còn lại. 4: Nhấn nút Đăng ký. 5: Kiểm tra kết quả sau khi nhấn Đăng ký. | D33: Hệ thống không tạo tài khoản và hiển thị thông báo tên đăng nhập đã tồn tại. | G33: TCRegister18_1, TCRegister18_2 | H33: 46218 | I33: Fail | J33: Hệ thống chưa hiển thị thông báo cụ thể khi người dùng đăng ký bằng tên đăng nhập đã tồn tại. | K33: 46219 | L33: Pass | M33: TCRegisterRetest18
A34: TC-REGISTER-019 | B34: Kiểm tra đăng ký với email đã tồn tại | C34: 1: Mở trang đăng ký. 2: Nhập email là an@gmail.com đã có trong hệ thống. 3: Nhập hợp lệ các trường còn lại. 4: Nhấn nút Đăng ký. 5: Kiểm tra kết quả sau khi nhấn Đăng ký. | D34: Hệ thống không tạo tài khoản và hiển thị thông báo email đã tồn tại. | G34: TCRegister19_1, TCRegister19_2 | H34: 46218 | I34: Fail | J34: Hệ thống vẫn cho phép đăng ký tài khoản với email đã tồn tại | K34: 46219 | L34: Pass | M34: TCRegisterRetest19

Sheet BOOKING
A1: TEST CASE
A3: System Name： | B3: SpringMediCareWeb
A4: Module Code： | B4: BOOKING - Appointment Booking
A5: Test requirement: | B5: Appointment Booking
A6: Pass | B6: 7 | C6: Pending | D6: 0
A7: Fail | B7: 2 | C7: Number of test cases: | D7: 9
A9: ID | B9: Test Case Description | C9: Test Case Procedure | D9: Expected Results | G9: Actual Results | H9: Test date | I9: Status | J9: Note | K9: Retest Date | L9: Retest Status | M9: Retest Evidence
A12: 1. Kiểm tra hiển thị thông tin đặt lịch
A13: TC-BOOKING-001 | B13: Đặt lịch thành công với ngày và giờ hợp lệ | C13: 1: Đăng nhập bằng tài khoản Patient hợp lệ. 2: Mở trang Bác sĩ và chọn bác sĩ cần đặt lịch. 3: Mở trang Đặt lịch và kiểm tra đúng thông tin bác sĩ đã chọn. 4: Chọn ngày và giờ hợp lệ, còn trống trong lịch làm việc của bác sĩ. 5: Nhập ghi chú hợp lệ và nhấn Đặt lịch. 6: Kiểm tra thông báo thành công và lịch hẹn vừa được tạo. | D13: Hệ thống tạo lịch hẹn thành công, hiển thị thông báo đặt lịch thành công và giờ vừa đặt xuất hiện trong danh sách giờ đã được đặt | G13: TCBooking1_1, TCBooking1_2 | H13: 46226 | I13: Pass | J13: Chức năng hoạt động đúng, có thông báo đặt lịch thành công
A14: 2. Kiểm tra dữ liệu để trống
A15: TC-BOOKING-002 | B15: Kiểm tra không thể đặt lịch khi chưa chọn ngày khám. | C15: 1: Đăng nhập bằng tài khoản Patient hợp lệ. 2: Mở trang Đặt lịch của bác sĩ cần đặt. 3: Để trống ngày khám. 4: Chọn giờ khám và nhập ghi chú hợp lệ. 5: Nhấn Đặt lịch. 6: Kiểm tra thông báo validation và xác nhận lịch hẹn không được tạo. | D15: Hệ thống yêu cầu người dùng chọn ngày khám và không tạo lịch hẹn | G15: TCBooking2 | H15: 46226 | I15: Pass | J15: Hệ thống hoạt động đúng, có thông báo yêu cầu nhập ngày khám
A16: TC-BOOKING-003 | B16: Kiểm tra không thể đặt lịch khi chưa chọn giờ khám. | C16: 1: Đăng nhập bằng tài khoản Patient hợp lệ. 2: Mở trang Đặt lịch của bác sĩ cần đặt. 3: Chọn một ngày bác sĩ có lịch làm việc. 4: Để trống giờ khám và nhập ghi chú hợp lệ. 5: Nhấn Đặt lịch. 6: Kiểm tra thông báo validation và xác nhận lịch hẹn không được tạo. | D16: Hệ thống yêu cầu người dùng nhập giờ khám và không tạo lịch hẹn | G16: TCBooking3 | H16: 46226 | I16: Pass | J16: Hệ thống hoạt động đúng, có thông báo yêu cầu nhập giờ khám
A17: TC-BOOKING-004 | B17: Kiểm tra đặt lịch khi không nhập ghi chú. | C17: 1: Đăng nhập bằng tài khoản Patient hợp lệ. 2: Mở trang Đặt lịch của bác sĩ cần đặt. 3: Chọn ngày và giờ hợp lệ, còn trống trong lịch làm việc của bác sĩ. 4: Để trống trường ghi chú. 5: Nhấn Đặt lịch. 6: Kiểm tra kết quả đặt lịch. | D17: Hệ thống vẫn tạo lịch hẹn thành công vì ghi chú là thông tin không bắt buộc | G17: TCBooking4_1, TCBooking4_2 | H17: 46226 | I17: Pass | J17: Hệ thống hoạt động đúng, vì ghi chú không phải trường bắt buộc
A18: 3. Kiểm tra ngày và giờ không hợp lệ
A19: TC-BOOKING-005 | B19: Kiểm tra không thể đặt lịch vào ngày bác sĩ không có lịch làm việc. | C19: 1: Đăng nhập bằng tài khoản Patient hợp lệ. 2: Mở trang Đặt lịch của bác sĩ cần đặt. 3: Chọn một ngày bác sĩ không có lịch làm việc. 4: Kiểm tra trạng thái thời gian đặt lịch của ngày đã chọn. 5: Thực hiện đặt lịch nếu hệ thống cho phép thao tác. 6: Kiểm tra lịch hẹn không được tạo. | D19: Hệ thống không cho phép Patient đặt lịch vào ngày bác sĩ không làm việc và không tạo lịch hẹn mới. | G19: TCBooking5 | H19: 46226 | I19: Pass | J19: Hệ thống hoạt động đúng, có hiện thông báo đặt lịch thất bại.
A20: TC-BOOKING-006 | B20: Kiểm tra không thể đặt lịch vào giờ nằm ngoài ca làm việc của bác sĩ. | C20: 1: Đăng nhập bằng tài khoản Patient hợp lệ. 2: Mở trang Đặt lịch của bác sĩ cần đặt. 3: Chọn một ngày bác sĩ có lịch làm việc. 4: Chọn hoặc nhập giờ nằm ngoài ca làm việc của bác sĩ. 5: Thực hiện đặt lịch. 6: Kiểm tra thông báo và xác nhận lịch hẹn không được tạo. | D20: Hệ thống không tạo lịch hẹn và hiển thị thông báo bác sĩ không làm việc vào thời gian đã chọn | G20: TCBooking6 | H20: 46226 | I20: Pass | J20: Hệ thống hoạt động đúng, có hiện thông báo đặt lịch thất bại.
A21: 4. Kiểm tra xử lý sau khi đăng nhập
A22: TC-BOOKING-007 | B22: Kiểm tra không thể đặt lịch trùng với giờ đã có lịch hẹn. | C22: 1: Đăng nhập bằng tài khoản Patient hợp lệ. 2: Mở trang Đặt lịch của bác sĩ cần đặt. 3: Xác định ngày và giờ đã có lịch hẹn của bác sĩ. 4: Chọn lại đúng ngày và giờ đã có lịch hẹn. 5: Nhấn Đặt lịch. 6: Kiểm tra thông báo và xác nhận không phát sinh lịch hẹn trùng. | D22: Hệ thống không tạo lịch hẹn mới và hiển thị thông báo giờ đã có người đặt | G22: TCBooking7 | H22: 46226 | I22: Pass | J22: Hệ thống hoạt động đúng, có hiện thông báo đặt lịch thất bại.
A23: TC-BOOKING-008 | B23: Kiểm tra không thể đặt lịch cách một lịch hẹn hiện có dưới 30 phút. | C23: 1: Đăng nhập bằng tài khoản Patient hợp lệ. 2: Xác định một lịch hẹn đã tồn tại của bác sĩ. 3: Mở trang Đặt lịch của cùng bác sĩ. 4: Chọn cùng ngày và một giờ cách lịch hẹn hiện có dưới 30 phút. 5: Nhấn Đặt lịch. 6: Kiểm tra thông báo và xác nhận lịch hẹn mới không được tạo. | D23: Hệ thống từ chối thời gian cách lịch hẹn hiện có dưới 30 phút và không tạo lịch hẹn mới. | G23: TCBooking8 | H23: 46226 | I23: Fail | J23: Phát hiện lỗi, cần giới hạn khoảng cách tối thiểu 30 phút giữa các lịch hẹn. | K23: 46226 | L23: Pass | M23: TCBookingRetest8
A24: 5. Kiểm tra quyền truy cập chức năng đặt lịch
A25: TC-BOOKING-009 | B25: Kiểm tra người dùng chưa đăng nhập không được truy cập chức năng Đặt lịch hẹn. | C25: 1: Đảm bảo người dùng đang ở trạng thái chưa đăng nhập. 2: Mở trang Bác sĩ. 3: Chọn bác sĩ cần đặt lịch. 4: Nhấn nút Đặt lịch hẹn. 5: Kiểm tra trang được điều hướng đến. 6: Xác nhận Guest không thể truy cập form Đặt lịch. | D25: Hệ thống không cho phép người dùng chưa đăng nhập truy cập form Đặt lịch và yêu cầu đăng nhập trước khi tiếp tục. Không có lịch hẹn nào được tạo. | G25: TCBooking9_1, TCBooking9_2 | H25: 46252 | I25: Fail | J25: Guest chưa đăng nhập vẫn truy cập được trang đặt lịch. Cần bổ sung kiểm tra xác thực trước khi cho phép truy cập chức năng đặt lịch.
A26: TC-BOOKING-010 | B26: Kiểm tra test case mới của chức năng Đặt lịch được thực thi thành công trên Local và GitHub Actions. | C26: 1: Đăng nhập bằng tài khoản Patient hợp lệ. 2: Mở trang Bác sĩ và chọn bác sĩ cần đặt lịch. 3: Mở trang Đặt lịch và kiểm tra các trường cần thiết. 4: Chọn ngày và giờ hợp lệ, còn trống trong lịch làm việc của bác sĩ. 5: Nhập ghi chú hợp lệ và nhấn Đặt lịch. 6: Kiểm tra thông báo thành công và lịch hẹn vừa được tạo với trạng thái pending. 7: Chạy TC-BOOKING-010 trên môi trường Local và ghi nhận kết quả. 8: Push source code lên branch CI và kiểm tra GitHub Actions tự động thực thi lại bộ test. 9: Đối chiếu số lượng test case trước và sau khi bổ sung TC-BOOKING-010. | D26: TC-BOOKING-010 thực thi PASS trên Local. Sau khi source code được push lên branch CI, GitHub Actions tự động chạy lại bộ kiểm thử, nhận diện TC-BOOKING-010 và tổng số test case tăng từ 125 lên 126. TC-BOOKING-010 tiếp tục PASS trên môi trường CI. | G26: TCBooking10_1, TCBooking10_2 | H26: 46279 | I26: Pass | J26: TC-BOOKING-010 PASS trên Local. Full suite tăng từ 125 lên 126 test case và đạt 121 PASS, 5 XFAIL. Sau khi push lên branch CI, GitHub Actions tự động chạy lại và thu thập 126 test case.

Sheet APPOINTMENT
A1: TEST CASE
A3: System Name： | B3: SpringMediCareWeb
A4: Module Code： | B4: APPOINTMENT - Appointment Management
A5: Test requirement: | B5: Appointment Management and Examination
A6: Pass | B6: 5 | C6: Pending | D6: 0
A7: Fail | B7: 4 | C7: Number of test cases: | D7: 9
A9: ID | B9: Test Case Description | C9: Test Case Procedure | D9: Expected Results | G9: Actual Results | H9: Test date | I9: Status | J9: Note | K9: Retest Date | L9: Retest Status | M9: Retest Evidence
A12: 1. Kiểm tra lịch được chuyển đến Admin
A13: TC-APPOINTMENT-001 | B13: Kiểm tra lịch hẹn bệnh nhân vừa đặt được hiển thị đúng trên trang Quản lý lịch hẹn của Admin. | C13: 1: Đăng nhập bằng tài khoản bệnh nhân và mở trang đặt lịch của bác sĩ có lịch làm việc. 2: Chọn ngày, giờ hợp lệ và nhập ghi chú TC-APPOINTMENT-001. 3: Nhấn Đặt lịch và kiểm tra đặt lịch thành công. 4: Đăng xuất và đăng nhập bằng tài khoản Admin. 5: Mở trang Quản lý lịch hẹn và tìm lịch vừa tạo. 6: Kiểm tra thông tin và trạng thái của lịch. | D13: Lịch được tạo thành công và hiển thị cho Admin với đúng bệnh nhân, bác sĩ, ngày giờ, ghi chú; trạng thái Chờ xác nhận và có nút Xác nhận, Hủy. | G13: TCAppointment1_1, TCAppointment1_2, TCAppointment1_3 | H13: 46232 | I13: Pass | J13: Lịch hẹn sau khi bệnh nhân đặt được gửi đến Admin đầy đủ và đúng trạng thái Chờ xác nhận.
A14: 2. Kiểm tra Admin quản lý lịch
A15: TC-APPOINTMENT-002 | B15: Kiểm tra Admin xác nhận thành công lịch hẹn đang ở trạng thái Chờ xác nhận. | C15: 1: Đăng nhập Admin và mở trang Quản lý lịch hẹn. 2: Tìm lịch TC-APPOINTMENT-002 đang ở trạng thái Chờ xác nhận. 3: Nhấn Xác nhận và đồng ý trên hộp thoại xác nhận. 4: Kiểm tra thông báo xác nhận thành công. 5: Kiểm tra trạng thái và thông tin lịch sau khi xác nhận. | D15: Trạng thái chuyển sang Đã xác nhận; nút Xác nhận, Hủy không còn hiển thị; thông tin lịch không thay đổi. | G15: TCAppointment2_1, TCAppointment2_2 | H15: 46232 | I15: Pass | J15: Admin xác nhận lịch thành công, trạng thái chuyển sang Đã xác nhận và thông tin lịch không thay đổi.
A16: TC-APPOINTMENT-003 | B16: Kiểm tra Admin hủy thành công lịch hẹn đang chờ xác nhận. | C16: 1: Đăng nhập Admin và mở trang Quản lý lịch hẹn. 2: Tìm lịch TC-APPOINTMENT-003 đang ở trạng thái Chờ xác nhận. 3: Nhấn Hủy và đồng ý trên hộp thoại xác nhận. 4: Kiểm tra thông báo hủy lịch thành công. 5: Kiểm tra trạng thái và thông tin lịch sau khi hủy. | D16: Trạng thái chuyển sang Đã hủy; nút Xác nhận, Hủy không còn hiển thị; thông tin lịch không thay đổi. | G16: TCAppointment3_1, TCAppointment3_2, TCAppointment3_3 | H16: 46232 | I16: Pass | J16: Admin hủy lịch thành công, trạng thái chuyển sang Đã hủy và các nút thao tác không còn hiển thị.
A17: 3. Kiểm tra quyền bác sĩ theo trạng thái lịch
A18: TC-APPOINTMENT-004 | B18: Kiểm tra quyền xem hồ sơ bệnh nhân của bác sĩ khi lịch đang chờ xác nhận. | C18: 1: Đăng nhập bằng đúng tài khoản bác sĩ của lịch. 2: Mở trang Lịch hẹn bệnh nhân và tìm lịch TC-APPOINTMENT-004. 3: Kiểm tra trạng thái và các nút thao tác của lịch. 4: Nhấn Xem hồ sơ. 5: Kiểm tra hồ sơ/lịch sử khám của bệnh nhân. | D18: Lịch ở trạng thái Chờ xác nhận; bác sĩ được xem hồ sơ/lịch sử khám nhưng không có nút Khám bệnh và không thể tạo hồ sơ bệnh án mới. | G18: TCAppointment4 | H18: 46232 | I18: Fail | J18: Bác sĩ không thể xem hồ sơ bệnh nhân khi lịch đang chờ xác nhận, không đúng với yêu cầu nghiệp vụ.
A19: TC-APPOINTMENT-005 | B19: Kiểm tra bác sĩ không thể truy cập trực tiếp trang khám của lịch chưa được Admin xác nhận. | C19: 1: Đăng nhập bằng đúng tài khoản bác sĩ của lịch TC-APPOINTMENT-005. 2: Truy cập trực tiếp URL trang khám bằng appointmentId của lịch. 3: Kiểm tra phản hồi của hệ thống. 4: Kiểm tra không thể thực hiện và lưu thông tin khám. 5: Kiểm tra trạng thái lịch và dữ liệu hồ sơ. | D19: Trang khám bị chặn, chuyển hướng hoặc thông báo lịch chưa được xác nhận; không tạo hồ sơ bệnh án; lịch vẫn ở trạng thái Chờ xác nhận. | G19: TCAppointment5_1, TCAppointment5_2 | H19: 46232 | I19: Fail | J19: Hệ thống chỉ ẩn nút Khám bệnh trên giao diện nhưng chưa chặn truy cập trực tiếp đối với lịch chưa được Admin xác nhận. | K19: 46233 | L19: Pass | M19: TCAppointmentRetest5
A20: TC-APPOINTMENT-006 | B20: Kiểm tra đúng bác sĩ được phép khám bệnh khi lịch đã được xác nhận. | C20: 1: Đăng nhập bằng đúng tài khoản bác sĩ của lịch. 2: Mở trang Lịch hẹn bệnh nhân và tìm lịch TC-APPOINTMENT-006. 3: Kiểm tra lịch ở trạng thái Đã xác nhận và có nút Khám bệnh. 4: Nhấn Khám bệnh. 5: Kiểm tra thông tin bệnh nhân và form khám được hiển thị. | D20: Trang khám mở đúng lịch và bệnh nhân; hiển thị form nhập chẩn đoán, hướng điều trị; lịch vẫn Đã xác nhận khi chưa lưu hồ sơ. | G20: TCAppointment6_1, TCAppointment6_2 | H20: 46232 | I20: Pass | J20: Lịch đã xác nhận hiển thị nút Khám bệnh và mở đúng thông tin bệnh nhân cùng form khám.
A21: TC-APPOINTMENT-007 | B21: Kiểm tra bác sĩ khác không thể khám lịch hẹn không thuộc mình. | C21: 1: Đăng nhập bằng tài khoản bác sĩ khác với bác sĩ của lịch TC-APPOINTMENT-007. 2: Mở trang Lịch hẹn bệnh nhân và kiểm tra lịch không xuất hiện. 3: Truy cập trực tiếp URL trang khám bằng appointmentId của lịch. 4: Kiểm tra phản hồi của hệ thống. 5: Kiểm tra trạng thái lịch và dữ liệu hồ sơ. | D21: Lịch không xuất hiện trong danh sách; truy cập trực tiếp bị chặn/chuyển hướng hoặc báo không có quyền; không tạo hồ sơ bệnh án và trạng thái lịch không thay đổi. | G21: TCAppointment7_1, TCAppointment7_2 | H21: 46232 | I21: Fail | J21: Hệ thống chưa kiểm tra lịch hẹn có thuộc bác sĩ đang đăng nhập hay không. | K21: 46233 | L21: Pass | M21: TCAppointmentRetest7
A22: TC-APPOINTMENT-008 | B22: Kiểm tra bác sĩ không thể khám bệnh đối với lịch đã bị hủy. | C22: 1: Đăng nhập bằng đúng tài khoản bác sĩ của lịch. 2: Mở trang Lịch hẹn bệnh nhân và tìm lịch TC-APPOINTMENT-008. 3: Kiểm tra lịch ở trạng thái Đã hủy và không có nút Khám bệnh. 4: Truy cập trực tiếp URL trang khám bằng appointmentId của lịch. 5: Kiểm tra phản hồi và dữ liệu của lịch. | D22: Không có nút Khám bệnh; truy cập trực tiếp trang khám bị chặn/chuyển hướng; không tạo hồ sơ bệnh án; trạng thái vẫn Đã hủy. | G22: TCAppointment8_1, TCAppointment8_2 | H22: 46232 | I22: Fail | J22: Hệ thống chưa chặn truy cập trực tiếp trang khám đối với lịch đã bị hủy | K22: 46233 | L22: Pass | M22: TCAppointmentRetest8
A23: 4. Kiểm tra bác sĩ hoàn thành khám
A24: TC-APPOINTMENT-009 | B24: Kiểm tra bác sĩ lưu hồ sơ bệnh án và hoàn thành lịch hẹn đã xác nhận. | C24: 1: Đăng nhập bằng đúng tài khoản bác sĩ và mở lịch TC-APPOINTMENT-009 đã được xác nhận. 2: Nhấn Khám bệnh. 3: Nhập chẩn đoán và hướng điều trị hợp lệ. 4: Nhấn Lưu hồ sơ và kiểm tra lưu thành công. 5: Quay lại danh sách lịch hẹn và kiểm tra trạng thái. 6: Mở lại hồ sơ và kiểm tra thông tin vừa lưu. | D24: Hồ sơ bệnh án được lưu đúng bệnh nhân, bác sĩ và lịch hẹn; trạng thái chuyển sang Đã hoàn thành; không còn nút Khám bệnh và có thể xem lại hồ sơ. | G24: TCAppointment9_1, TCAppointment9_2, TCAppointment9_3 | H24: 46232 | I24: Pass | J24: Hồ sơ bệnh án được lưu thành công, lịch chuyển sang Đã hoàn thành và hiển thị nút Xem hồ sơ.

Sheet MEDICAL
A1: TEST CASE
A3: System Name： | B3: SpringMediCareWeb
A4: Module Code： | B4: MEDICAL - Medical Record Management
A5: Test requirement: | B5: Medical Record Management
A6: Pass | B6: 7 | C6: Pending | D6: 0
A7: Fail | B7: 2 | C7: Number of test cases: | D7: 9
A9: ID | B9: Test Case Description | C9: Test Case Procedure | D9: Expected Results | G9: Actual Results | H9: Test date | I9: Status | J9: Note | K9: Retest Date | L9: Retest Status | M9: Retest Evidence
A12: 1. Kiểm tra tạo hồ sơ bệnh án
A13: TC-MEDICAL-001 | B13: Kiểm tra bác sĩ có thể tạo hồ sơ bệnh án thành công cho lịch hẹn đã được xác nhận. | C13: 1: Chuẩn bị một lịch hẹn Đã xác nhận và chưa có hồ sơ bệnh án. 2: Đăng nhập bằng bác sĩ phụ trách lịch hẹn. 3: Mở trang Lịch hẹn bệnh nhân và tìm đúng lịch đã chuẩn bị. 4: Kiểm tra lịch ở trạng thái Đã xác nhận và có nút Khám bệnh. 5: Nhấn Khám bệnh. 6: Kiểm tra trang Khám bệnh được mở đúng cho lịch hẹn. 7: Nhập Chẩn đoán và Hướng điều trị hợp lệ. 8: Nhấn Lưu hồ sơ bệnh án. 9: Kiểm tra hồ sơ được tạo đúng và lịch chuyển sang Đã hoàn thành. | D13: Hệ thống tạo hồ sơ bệnh án thành công. Hồ sơ được gắn đúng với lịch hẹn, bệnh nhân và bác sĩ. Chẩn đoán và hướng điều trị được lưu chính xác. Trạng thái lịch chuyển từ Đã xác nhận sang Đã hoàn thành. Nút Khám bệnh được thay bằng nút Xem hồ sơ. | G13: TCMedical1_1, TCMedical1_2, TCMedical1_3 | H13: 46233 | I13: Pass | J13: Bác sĩ tạo hồ sơ bệnh án thành công, dữ liệu được lưu đúng và lịch hẹn chuyển sang trạng thái Đã hoàn thành.
A14: TC-MEDICAL-002 | B14: Kiểm tra hệ thống không cho phép bác sĩ tạo hồ sơ bệnh án khi bỏ trống Chẩn đoán. | C14: 1: Chuẩn bị lịch hẹn Đã xác nhận và chưa có hồ sơ bệnh án. 2: Đăng nhập bằng bác sĩ phụ trách. 3: Mở trang Khám bệnh của lịch đã chuẩn bị. 4: Để trống Chẩn đoán và nhập Hướng điều trị hợp lệ. 5: Nhấn Lưu hồ sơ bệnh án. 6: Kiểm tra thông báo validation. 7: Kiểm tra hồ sơ không được tạo và lịch vẫn Đã xác nhận. | D14: Hệ thống hiển thị thông báo yêu cầu nhập đầy đủ chẩn đoán. Không tạo hồ sơ bệnh án mới. Trạng thái lịch vẫn là Đã xác nhận. Dữ liệu hướng điều trị chưa được lưu. | G14: TCMedical2_1, TCMedical2_2, TCMedical2_3 | H14: 46233 | I14: Pass | J14: Hệ thống hiển thị cảnh báo khi bỏ trống chẩn đoán, không tạo hồ sơ bệnh án và giữ nguyên trạng thái
A15: TC-MEDICAL-003 | B15: Kiểm tra hệ thống không cho phép bác sĩ tạo hồ sơ bệnh án khi bỏ trống Hướng điều trị. | C15: 1: Chuẩn bị lịch hẹn Đã xác nhận và chưa có hồ sơ bệnh án. 2: Đăng nhập bằng bác sĩ phụ trách. 3: Mở trang Khám bệnh của lịch đã chuẩn bị. 4: Nhập Chẩn đoán hợp lệ và để trống Hướng điều trị. 5: Nhấn Lưu hồ sơ bệnh án. 6: Kiểm tra thông báo validation. 7: Kiểm tra hồ sơ không được tạo và lịch vẫn Đã xác nhận. | D15: Hệ thống hiển thị thông báo yêu cầu nhập đầy đủ hướng điều trị. Không tạo hồ sơ bệnh án mới. Trạng thái lịch vẫn là Đã xác nhận. Dữ liệu chẩn đoán chưa được lưu. | G15: TCMedical3_1, TCMedical3_2, TCMedical3_3 | H15: 46233 | I15: Pass | J15: Hệ thống hiển thị cảnh báo khi bỏ trống hướng điều trị, không tạo hồ sơ bệnh án và giữ nguyên trạng thái Đã xác nhận.
A16: TC-MEDICAL-004 | B16: Kiểm tra hệ thống không cho phép bác sĩ tạo thêm hồ sơ bệnh án cho lịch hẹn đã hoàn thành và đã có hồ sơ bệnh án. | C16: 1: Chuẩn bị lịch hẹn Đã hoàn thành và đã có hồ sơ bệnh án. 2: Đăng nhập bằng bác sĩ phụ trách. 3: Mở trang Lịch hẹn bệnh nhân và tìm đúng lịch đã chuẩn bị. 4: Kiểm tra lịch ở trạng thái Đã hoàn thành, có nút Xem hồ sơ và không còn nút Khám bệnh. 5: Nhấn Xem hồ sơ và kiểm tra hồ sơ hiện có được hiển thị đúng. 6: Truy cập trực tiếp trang Khám bệnh bằng appointmentId của lịch đã hoàn thành. 7: Kiểm tra hệ thống chặn thao tác khám bệnh và không hiển thị form tạo hồ sơ mới. 8: Mở lại hồ sơ và kiểm tra dữ liệu cũ không thay đổi. | D16: Bác sĩ xem được hồ sơ bệnh án hiện có. Khi truy cập trực tiếp trang Khám bệnh của lịch đã hoàn thành, hệ thống chặn truy cập và không hiển thị form tạo hồ sơ mới. Hồ sơ cũ không bị thay đổi và lịch vẫn ở trạng thái Đã hoàn thành. | G16: TCMedical4_1, TCMedical4_2 | H16: 46233 | I16: Pass | J16: Hệ thống cho phép xem hồ sơ hiện có nhưng chặn mở lại trang Khám bệnh để tạo hồ sơ bệnh án thứ hai.
A17: 2. Kiểm tra xem hồ sơ bệnh án
A18: TC-MEDICAL-005 | B18: Kiểm tra bác sĩ có thể xem đúng hồ sơ bệnh án của lịch hẹn đã hoàn thành. | C18: 1: Chuẩn bị lịch Đã hoàn thành và đã có hồ sơ bệnh án. 2: Đăng nhập bằng bác sĩ phụ trách. 3: Mở trang Lịch hẹn bệnh nhân và tìm đúng lịch. 4: Kiểm tra lịch có nút Xem hồ sơ. 5: Nhấn Xem hồ sơ. 6: Kiểm tra appointmentId, bệnh nhân và bác sĩ phụ trách. 7: Kiểm tra Chẩn đoán và Hướng điều trị khớp dữ liệu đã lưu. 8: Kiểm tra thao tác xem hồ sơ không làm thay đổi dữ liệu hoặc trạng thái lịch. | D18: Hệ thống mở đúng hồ sơ bệnh án của lịch hẹn. Hiển thị đúng bệnh nhân và bác sĩ phụ trách. Hiển thị đúng chẩn đoán và hướng điều trị đã lưu. Hồ sơ được gắn đúng với appointmentId. Không làm thay đổi trạng thái hoặc dữ liệu hồ sơ. | G18: TCMedical5_1, TCMedical5_2 | H18: 46233 | I18: Pass | J18: Hệ thống mở đúng hồ sơ bệnh án của lịch đã hoàn thành và hiển thị đầy đủ, chính xác thông tin đã lưu.
A19: 3. Kiểm tra cập nhật hồ sơ bệnh án
A20: TC-MEDICAL-006 | B20: Kiểm tra bác sĩ có thể cập nhật thành công hồ sơ bệnh án thuộc lịch hẹn của mình. | C20: 1: Chuẩn bị lịch Đã hoàn thành, đã có hồ sơ và ghi nhận dữ liệu hiện tại. 2: Đăng nhập bằng bác sĩ phụ trách và mở hồ sơ. 3: Nhấn Cập nhật hồ sơ. 4: Kiểm tra form cập nhật hiển thị đúng dữ liệu hiện tại. 5: Thay đổi Chẩn đoán và Hướng điều trị. 6: Nhấn Lưu cập nhật. 7: Kiểm tra thông báo cập nhật thành công. 8: Mở lại hồ sơ và kiểm tra dữ liệu mới. 9: Kiểm tra hồ sơ vẫn thuộc cùng lịch hẹn, bệnh nhân và bác sĩ. 10: Kiểm tra hệ thống cập nhật hồ sơ hiện tại, không tạo thêm hồ sơ mới và lịch vẫn Đã hoàn thành. | D20: Hệ thống cập nhật hồ sơ bệnh án thành công. Nội dung mới được hiển thị chính xác. Hệ thống cập nhật hồ sơ hiện tại, không tạo thêm hồ sơ mới. Hồ sơ vẫn gắn đúng với bệnh nhân, bác sĩ và lịch hẹn. Trạng thái lịch vẫn là Đã hoàn thành. | G20: TCMedical6_1, TCMedical6_2, TCMedical6_3 | H20: 46233 | I20: Pass | J20: Hệ thống cho phép bác sĩ cập nhật hồ sơ bệnh án thành công. Sau khi lưu, thông báo thành công hiển thị và nội dung hồ sơ được cập nhật đúng theo dữ liệu mới.
A21: TC-MEDICAL-007 | B21: Kiểm tra bác sĩ khác không thể xem hồ sơ bệnh án không thuộc lịch hẹn của mình. | C21: 1: Chuẩn bị hồ sơ bệnh án thuộc Doctor A và ghi nhận dữ liệu hiện tại. 2: Đăng nhập bằng Doctor B. 3: Mở trang Lịch hẹn bệnh nhân. 4: Kiểm tra lịch của Doctor A không xuất hiện trong danh sách của Doctor B. 5: Truy cập trực tiếp URL xem hồ sơ của Doctor A. 6: Kiểm tra hệ thống chặn truy cập và không hiển thị dữ liệu hồ sơ. 7: Đăng xuất Doctor B và đăng nhập lại Doctor A. 8: Mở lại hồ sơ và kiểm tra dữ liệu không thay đổi. | D21: Hồ sơ của Doctor A không xuất hiện trong danh sách của Doctor B. Khi Doctor B truy cập trực tiếp URL, hệ thống chặn truy cập hoặc hiển thị thông báo không có quyền. Thông tin bệnh nhân và nội dung hồ sơ không được hiển thị. Dữ liệu hồ sơ không thay đổi. | G21: TCMedical7 | H21: 46233 | I21: Fail | J21: Hệ thống chưa kiểm tra quyền xem hồ sơ, nên bác sĩ Tran Binh vẫn xem được chi tiết hồ sơ thuộc bác sĩ Ly Minh. | K21: 46234 | L21: Pass | M21: TCMedicalRetest7
A22: TC-MEDICAL-008 | B22: Kiểm tra bác sĩ khác không thể cập nhật hồ sơ bệnh án không thuộc lịch hẹn của mình. | C22: 1: Chuẩn bị hồ sơ bệnh án thuộc Doctor A và ghi nhận dữ liệu hiện tại. 2: Đăng nhập bằng Doctor B. 3: Truy cập trực tiếp URL hồ sơ của Doctor A. 4: Kiểm tra hệ thống chặn truy cập và Doctor B không thể sử dụng chức năng Cập nhật hồ sơ. 5: Đăng xuất Doctor B và đăng nhập lại Doctor A. 6: Mở lại hồ sơ đã chuẩn bị. 7: Kiểm tra Chẩn đoán và Hướng điều trị không thay đổi. 8: Kiểm tra hồ sơ vẫn thuộc Doctor A và lịch vẫn Đã hoàn thành. | D22: Hệ thống không cho phép Doctor B cập nhật hồ sơ thuộc Doctor A. Doctor B bị chặn truy cập hoặc không có quyền sử dụng chức năng Cập nhật hồ sơ. Chẩn đoán và hướng điều trị cũ không bị thay đổi. Hồ sơ vẫn thuộc đúng Doctor A. | G22: TCMedical8_1, TCMedical8_2, TCMedical8_3 | H22: 46233 | I22: Fail | J22: Hệ thống chưa kiểm tra quyền sở hữu hồ sơ khi cập nhật. Bác sĩ Tran Binh vẫn mở được chức năng Cập nhật hồ sơ thuộc bác sĩ Ly Minh, thay đổi dữ liệu và lưu thành công. | K22: 46234 | L22: Pass | M22: TCMedicalRetest8
A23: TC-MEDICAL-009 | B23: Kiểm tra thao tác Hủy cập nhật không làm thay đổi dữ liệu hồ sơ bệnh án đã lưu. | C23: 1: Chuẩn bị hồ sơ bệnh án và ghi nhận dữ liệu hiện tại. 2: Đăng nhập bằng bác sĩ phụ trách và mở hồ sơ. 3: Nhấn Cập nhật hồ sơ. 4: Kiểm tra form cập nhật hiển thị đúng dữ liệu hiện tại. 5: Thay đổi Chẩn đoán và Hướng điều trị bằng dữ liệu mới. 6: Nhấn Hủy. 7: Kiểm tra form cập nhật được đóng và dữ liệu mới không được lưu. 8: Mở lại hồ sơ và kiểm tra dữ liệu ban đầu vẫn được giữ nguyên. 9: Kiểm tra hồ sơ vẫn thuộc đúng lịch hẹn, bệnh nhân, bác sĩ và lịch vẫn Đã hoàn thành. | D23: Hệ thống hủy thao tác cập nhật và đóng form chỉnh sửa. Dữ liệu mới nhập không được lưu. Chẩn đoán và hướng điều trị cũ vẫn được giữ nguyên. Hồ sơ vẫn thuộc đúng bệnh nhân, bác sĩ và lịch hẹn. Trạng thái lịch vẫn là Đã hoàn thành. | G23: TCMedical9_1, TCMedical9_2, TCMedical9_3 | H23: 46233 | I23: Pass | J23: Hệ thống hủy thao tác cập nhật thành công, không lưu dữ liệu tạm và giữ nguyên nội dung hồ sơ bệnh án ban đầu.

Sheet DS_ADMIN
A1: TEST CASE
A3: System Name： | B3: SpringMediCareWeb
A4: Module Code： | B4: SCHEDULE - Doctor Schedule Management
A5: Test requirement: | B5: Doctor Schedule Management
A6: Pass | B6: 13 | C6: Pending | D6: 0
A7: Fail | B7: 7 | C7: Number of test cases: | D7: 20
A9: ID | B9: Test Case Description | C9: Test Case Procedure | D9: Expected Results | G9: Actual Results | H9: Test date | I9: Status | J9: Note | K9: Retest Date | L9: Retest Status | M9: Retest Evidence
A12: 1. Kiểm tra hiển thị form Thêm lịch làm việc
A13: TC-DS-ADMIN-001 | B13: Kiểm tra form Thêm lịch làm việc hiển thị đầy đủ thông tin cần thiết. | C13: 1: Đăng nhập với vai trò Admin. 2: Mở trang Quản lý lịch làm việc bác sĩ. 3: Quan sát form Thêm lịch làm việc. 4: Mở danh sách Bác sĩ. 5: Mở danh sách Ca làm việc. 6: Mở danh sách Trạng thái. 7: Kiểm tra các trường, lựa chọn và giá trị mặc định trên form. | D13: Form hiển thị đầy đủ các trường Bác sĩ, Ngày làm việc, Ca làm việc, Trạng thái, Ghi chú và nút Thêm lịch; Bác sĩ mặc định chưa chọn; Ngày làm việc để trống; Ca mặc định là Ca sáng; Trạng thái mặc định là Có lịch làm việc; Ghi chú để trống. | G13: TCDsAdmin1_1, TCDsAdmin1_2, TCDsAdmin1_3 | H13: 46240 | I13: Pass | J13: Giao diện hệ thống hiển thị đúng.
A14: 2. Kiểm tra thêm lịch với dữ liệu hợp lệ
A15: TC-DS-ADMIN-002 | B15: Kiểm tra Admin thêm lịch làm việc cho bác sĩ với dữ liệu hợp lệ. | C15: 1: Đăng nhập với vai trò Admin. 2: Mở trang Quản lý lịch làm việc bác sĩ. 3: Chọn một bác sĩ. 4: Chọn một ngày làm việc chưa có lịch tại ca cần tạo. 5: Chọn Ca sáng. 6: Chọn trạng thái Có lịch làm việc. 7: Nhập ghi chú cho lịch. 8: Nhấn Thêm lịch. 9: Kiểm tra thông báo và lịch vừa tạo trong Danh sách lịch làm việc. | D15: Hệ thống thêm lịch thành công và lịch mới hiển thị đúng bác sĩ, ngày, ca, trạng thái và ghi chú đã nhập. | G15: TCDsAdmin2 | H15: 46240 | I15: Fail | J15: Hệ thống báo lỗi "Có lỗi xảy ra. Kiểm tra lại đăng nhập hoặc dữ liệu nhập." | K15: 46240 | L15: Pass | M15: TCDsAdminRetest2_1, TCDsAdminRetest2_2
A16: TC-DS-ADMIN-003 | B16: Kiểm tra Admin thêm lịch cho bác sĩ với trạng thái Không làm việc. | C16: 1: Đăng nhập với vai trò Admin. 2: Mở trang Quản lý lịch làm việc bác sĩ. 3: Chọn một bác sĩ. 4: Chọn ngày và ca chưa có lịch. 5: Chọn trạng thái Không làm việc. 6: Nhập ghi chú phù hợp. 7: Nhấn Thêm lịch. 8: Kiểm tra thông báo và lịch vừa tạo trong Danh sách lịch làm việc. | D16: Hệ thống thêm lịch thành công với trạng thái Không làm việc và lưu đúng thông tin đã nhập. | G16: TCDsAdmin3 | H16: 46240 | I16: Fail | J16: Hệ thống báo lỗi "Có lỗi xảy ra. Kiểm tra lại đăng nhập hoặc dữ liệu nhập." | K16: 46240 | L16: Pass | M16: TCDsAdminRetest3_1, TCDsAdminRetest3_2
A17: TC-DS-ADMIN-004 | B17: Kiểm tra Admin có thể thêm lịch khi để trống Ghi chú. | C17: 1: Đăng nhập với vai trò Admin. 2: Mở trang Quản lý lịch làm việc bác sĩ. 3: Chọn bác sĩ, ngày làm việc và ca chưa có lịch. 4: Chọn trạng thái Có lịch làm việc. 5: Để trống trường Ghi chú. 6: Nhấn Thêm lịch. 7: Kiểm tra lịch vừa tạo trong Danh sách lịch làm việc. | D17: Hệ thống vẫn thêm lịch thành công và trường Ghi chú của lịch để trống. | G17: TCDsAdmin4 | H17: 46240 | I17: Fail | J17: Hệ thống báo lỗi "Có lỗi xảy ra. Kiểm tra lại đăng nhập hoặc dữ liệu nhập." | K17: 46240 | L17: Pass | M17: TCDsAdminRetest4_1, TCDsAdminRetest4_2
A18: 3. Kiểm tra các trường bắt buộc
A19: TC-DS-ADMIN-005 | B19: Kiểm tra hệ thống xử lý khi Admin không chọn bác sĩ. | C19: 1: Đăng nhập với vai trò Admin. 2: Mở trang Quản lý lịch làm việc bác sĩ. 3: Giữ trường Bác sĩ ở giá trị -- Chọn bác sĩ --. 4: Chọn ngày làm việc hợp lệ. 5: Giữ nguyên ca và trạng thái mặc định. 6: Nhấn Thêm lịch. 7: Kiểm tra phản hồi tại trường Bác sĩ và Danh sách lịch làm việc. | D19: Hệ thống yêu cầu chọn bác sĩ và không tạo lịch mới. | G19: TCDsAdmin5 | H19: 46240 | I19: Pass | J19: Có thông báo chặn thao tác do trường Bác sĩ là bắt buộc.
A20: TC-DS-ADMIN-006 | B20: Kiểm tra hệ thống xử lý khi Admin không chọn ngày làm việc. | C20: 1: Đăng nhập với vai trò Admin. 2: Mở trang Quản lý lịch làm việc bác sĩ. 3: Chọn một bác sĩ. 4: Để trống trường Ngày làm việc. 5: Giữ nguyên ca và trạng thái mặc định. 6: Nhấn Thêm lịch. 7: Kiểm tra phản hồi tại trường Ngày làm việc và Danh sách lịch làm việc. | D20: Hệ thống yêu cầu chọn ngày làm việc và không tạo lịch mới. | G20: TCDsAdmin6 | H20: 46240 | I20: Pass | J20: Có thông báo chặn thao tác do trường Ngày làm việc là bắt buộc.
A21: 4. Kiểm tra ngày làm việc
A22: TC-DS-ADMIN-007 | B22: Kiểm tra hệ thống không cho phép Admin tạo lịch làm việc cho ngày đã qua. | C22: 1: Đăng nhập với vai trò Admin. 2: Mở trang Quản lý lịch làm việc bác sĩ. 3: Chọn một bác sĩ. 4: Chọn một ngày trước ngày hiện tại. 5: Chọn ca và trạng thái hợp lệ. 6: Nhấn Thêm lịch. 7: Kiểm tra thông báo và Danh sách lịch làm việc. | D22: Hệ thống không tạo lịch cho ngày đã qua và hiển thị thông báo ngày làm việc không hợp lệ. | G22: TCDsAdmin7_1, TCDsAdmin7_2 | H22: 46240 | I22: Fail | J22: Hệ thống vẫn cho phép thêm lịch ngày 01/08/2026 và hiển thị thông báo ‘Thêm lịch làm việc thành công!’. Không có validation ngăn ngày làm việc đã qua
A23: 5. Kiểm tra trùng và xung đột lịch làm việc
A24: TC-DS-ADMIN-008 | B24: Kiểm tra hệ thống không cho phép tạo lịch trùng cho cùng bác sĩ, ngày và ca. | C24: 1: Đăng nhập với vai trò Admin. 2: Mở trang Quản lý lịch làm việc bác sĩ. 3: Chọn một bác sĩ. 4: Chọn ngày và ca chưa có lịch. 5: Chọn trạng thái và nhập ghi chú. 6: Nhấn Thêm lịch. 7: Nhập lại cùng bác sĩ, cùng ngày và cùng ca. 8: Nhấn Thêm lịch lần nữa. 9: Kiểm tra thông báo và các bản ghi trong Danh sách lịch làm việc. | D24: Hệ thống không tạo thêm lịch trùng và chỉ tồn tại một lịch cho cùng bác sĩ, ngày và ca. | G24: TCDsAdmin8_1, TCDsAdmin8_2 | H24: 46240 | I24: Fail | J24: Hệ thống vẫn tạo bản ghi thứ hai khi bác sĩ, ngày, ca, thời gian, trạng thái và ghi chú trùng hoàn toàn. Danh sách xuất hiện hai lịch ID 182 và 183. | K24: 46241 | L24: Pass | M24: TCDsAdminRetest8_1, TCDsAdminRetest8_2
A25: TC-DS-ADMIN-009 | B25: Kiểm tra một bác sĩ có thể được xếp nhiều ca khác nhau trong cùng ngày. | C25: 1: Đăng nhập với vai trò Admin. 2: Mở trang Quản lý lịch làm việc bác sĩ. 3: Xác định một bác sĩ đã có lịch ở một ca trong ngày. 4: Chọn cùng bác sĩ và cùng ngày. 5: Chọn một ca khác với ca đã có. 6: Nhấn Thêm lịch. 7: Kiểm tra các lịch của bác sĩ trong Danh sách lịch làm việc và bảng lịch theo tuần. | D25: Ca mới được thêm thành công và lịch ở ca trước vẫn được giữ nguyên. | G25: TCDsAdmin9_1, TCDsAdmin9_2 | H25: 46240 | I25: Pass | J25: Hệ thống thực hiện đúng, và có thông báo thêm lịch thành công.
A26: TC-DS-ADMIN-010 | B26: Kiểm tra nhiều bác sĩ có thể được xếp cùng ngày và cùng ca. | C26: 1: Đăng nhập với vai trò Admin. 2: Mở trang Quản lý lịch làm việc bác sĩ. 3: Chọn bác sĩ thứ nhất. 4: Chọn ngày, ca và trạng thái hợp lệ rồi nhấn Thêm lịch. 5: Chọn bác sĩ thứ hai. 6: Chọn cùng ngày và cùng ca với bác sĩ thứ nhất. 7: Chọn trạng thái và nhấn Thêm lịch. 8: Kiểm tra các lịch trong Danh sách lịch làm việc và bảng lịch theo tuần. | D26: Hệ thống thêm lịch thành công cho bác sĩ thứ hai và cả hai bác sĩ đều có lịch độc lập trong cùng ngày, cùng ca. | G26: TCDsAdmin10_1, TCDsAdmin10_2 | H26: 46240 | I26: Pass | J26: Hệ thống cho phép hai bác sĩ khác nhau có lịch cùng ngày và cùng ca; cả hai lịch được lưu độc lập.
A27: TC-DS-ADMIN-011 | B27: Kiểm tra không cho phép tạo hai lịch có trạng thái khác nhau cho cùng bác sĩ, ngày và ca. | C27: 1: Đăng nhập với vai trò Admin. 2: Mở trang Quản lý lịch làm việc bác sĩ. 3: Chọn một bác sĩ. 4: Chọn ngày và ca chưa có lịch. 5: Chọn trạng thái Có lịch làm việc và nhấn Thêm lịch. 6: Chọn lại cùng bác sĩ, cùng ngày và cùng ca. 7: Chọn trạng thái Không làm việc. 8: Nhấn Thêm lịch. 9: Kiểm tra thông báo và các bản ghi trong Danh sách lịch làm việc. | D27: Hệ thống không tạo thêm lịch có trạng thái khác cho cùng bác sĩ, ngày và ca. | G27: TCDsAdmin11 | H27: 46240 | I27: Fail | J27: Hệ thống vẫn tạo thêm bản ghi mới, dẫn đến cùng bác sĩ, cùng ngày và cùng ca tồn tại đồng thời trạng thái Có lịch và Không làm. | K27: 46241 | L27: Pass | M27: TCDsAdminRetest11_1, TCDsAdminRetest11_2
A28: 6. Kiểm tra hành vi form khi thêm lịch
A29: TC-DS-ADMIN-012 | B29: Kiểm tra hệ thống không tạo nhiều lịch khi Admin nhấn nút Thêm lịch liên tục. | C29: 1: Đăng nhập với vai trò Admin. 2: Mở trang Quản lý lịch làm việc bác sĩ. 3: Chọn bác sĩ, ngày làm việc, ca, trạng thái và nhập ghi chú hợp lệ cho một lịch chưa tồn tại. 4: Nhấn nút Thêm lịch nhiều lần liên tục. 5: Kiểm tra số bản ghi tương ứng trong Danh sách lịch làm việc. | D29: Hệ thống chỉ tạo một lịch làm việc từ thao tác trên. | G29: TCDsAdmin12_1, TCDsAdmin12_2, TCDsAdmin12_3 | H29: 46240 | I29: Pass | J29: Hệ thống chỉ tạo một lịch làm việc dù người dùng nhấn nút Thêm lịch liên tục.
A30: TC-DS-ADMIN-013 | B30: Kiểm tra form trở về trạng thái mặc định sau khi thêm lịch thành công. | C30: 1: Đăng nhập với vai trò Admin. 2: Mở trang Quản lý lịch làm việc bác sĩ. 3: Chọn bác sĩ, ngày làm việc, ca, trạng thái và nhập ghi chú hợp lệ cho một lịch chưa tồn tại. 4: Nhấn Thêm lịch. 5: Kiểm tra lại các trường trên form Thêm lịch làm việc sau khi thao tác hoàn tất. | D30: Form trở về trạng thái mặc định: chưa chọn bác sĩ, ngày làm việc trống, Ca sáng, trạng thái Có lịch làm việc và Ghi chú trống. | G30: TCDsAdmin13_1, TCDsAdmin13_2 | H30: 46240 | I30: Pass | J30: Sau khi thêm lịch thành công, form được reset đúng về các giá trị mặc định.
A31: 7. Kiểm tra chức năng lọc và xem lịch làm việc
A32: TC-DS-ADMIN-014 | B32: Kiểm tra Admin lọc lịch làm việc theo bác sĩ. | C32: 1: Đăng nhập với vai trò Admin. 2: Mở trang Quản lý lịch làm việc bác sĩ. 3: Tại mục Lọc lịch làm việc, chọn một bác sĩ có lịch trong tuần đang xem. 4: Quan sát bảng Lịch làm việc theo tuần. 5: Kiểm tra bác sĩ của các lịch đang hiển thị. | D32: Bảng lịch theo tuần chỉ hiển thị lịch của bác sĩ được chọn. | G32: TCDsAdmin14 | H32: 46242 | I32: Pass | J32: Bộ lọc theo bác sĩ hoạt động đúng; sau khi chọn Tran Binh, bảng lịch theo tuần chỉ hiển thị lịch của bác sĩ Tran Binh.
A33: TC-DS-ADMIN-015 | B33: Kiểm tra Admin hiển thị lại lịch của tất cả bác sĩ sau khi bỏ điều kiện lọc. | C33: 1: Đăng nhập với vai trò Admin. 2: Mở trang Quản lý lịch làm việc bác sĩ. 3: Chọn một bác sĩ tại mục Lọc lịch làm việc. 4: Kiểm tra dữ liệu đang được lọc theo bác sĩ đã chọn. 5: Chọn lại Tất cả bác sĩ. 6: Kiểm tra bảng Lịch làm việc theo tuần. | D33: Hệ thống bỏ điều kiện lọc và hiển thị lại lịch của tất cả bác sĩ trong tuần đang xem. | G33: TCDsAdmin15_1, TCDsAdmin15_2 | H33: 46242 | I33: Pass | J33: Hệ thống khôi phục đúng dữ liệu khi bỏ điều kiện lọc theo bác sĩ; các lịch của Tran Binh, Pham Dung, Ly Minh và Vu Thinh được hiển thị lại trong bảng tuần.
A34: TC-DS-ADMIN-016 | B34: Kiểm tra Admin chuyển sang tuần trước để xem lịch làm việc. | C34: 1: Đăng nhập với vai trò Admin. 2: Mở trang Quản lý lịch làm việc bác sĩ. 3: Ghi nhận khoảng ngày của tuần đang hiển thị. 4: Nhấn Tuần trước. 5: Kiểm tra khoảng ngày và dữ liệu trong bảng Lịch làm việc theo tuần. | D34: Hệ thống chuyển về tuần liền trước, cập nhật đúng khoảng ngày và hiển thị dữ liệu lịch của tuần đó. | G34: TCDsAdmin16_1, TCDsAdmin16_2 | H34: 46242 | I34: Pass | J34: Chức năng chuyển về tuần trước hoạt động đúng; khoảng thời gian và dữ liệu lịch được hiển thị theo tuần đã chọn.
A35: TC-DS-ADMIN-017 | B35: Kiểm tra Admin chuyển sang tuần sau để xem lịch làm việc. | C35: 1: Đăng nhập với vai trò Admin. 2: Mở trang Quản lý lịch làm việc bác sĩ. 3: Ghi nhận khoảng ngày của tuần đang hiển thị. 4: Nhấn Tuần sau. 5: Kiểm tra khoảng ngày và dữ liệu trong bảng Lịch làm việc theo tuần. | D35: Hệ thống chuyển sang tuần liền sau, cập nhật đúng khoảng ngày và hiển thị dữ liệu lịch của tuần đó. | G35: TCDsAdmin17_1, TCDsAdmin17_2 | H35: 46242 | I35: Pass | J35: Chức năng chuyển sang tuần sau hoạt động đúng; khoảng thời gian và dữ liệu lịch được hiển thị theo tuần đã chọn.
A36: 8. Kiểm tra chức năng sửa lịch làm việc
A37: TC-DS-ADMIN-018 | B37: Kiểm tra Admin cập nhật lịch làm việc đã tồn tại của bác sĩ. | C37: 1: Đăng nhập với vai trò Admin. 2: Mở trang Quản lý lịch làm việc bác sĩ. 3: Tại Danh sách lịch làm việc, chọn một lịch đã tồn tại và nhấn Sửa. 4: Kiểm tra thông tin lịch được đưa lên form Cập nhật lịch làm việc. 5: Thay đổi trạng thái của lịch. 6: Thay đổi Ghi chú. 7: Nhấn Cập nhật. 8: Kiểm tra thông báo và thông tin lịch sau khi cập nhật trong Danh sách lịch làm việc. | D37: Hệ thống cập nhật lịch thành công, lưu đúng thông tin mới và không tạo thêm bản ghi lịch khác. | G37: TCDsAdmin18_1, TCDsAdmin18_2 | H37: 46242 | I37: Fail | J37: Hệ thống phát sinh lỗi HTTP 400 khi cập nhật lịch làm việc và không lưu thông tin thay đổi. | K37: 46242 | L37: Pass | M37: TCDsAdminRetest18_1, TCDsAdminRetest18_2, TCDsAdminRetest18_3
A38: TC-DS-ADMIN-019 | B38: Kiểm tra Hủy sửa không làm thay đổi thông tin lịch làm việc. | C38: 1: Đăng nhập với vai trò Admin. 2: Mở trang Quản lý lịch làm việc bác sĩ. 3: Chọn một lịch trong Danh sách lịch làm việc và ghi nhận thông tin ban đầu. 4: Nhấn Sửa. 5: Thay đổi một số thông tin trên form nhưng chưa nhấn Cập nhật. 6: Nhấn Hủy sửa. 7: Kiểm tra form và thông tin của lịch trong Danh sách lịch làm việc. | D38: Form thoát khỏi chế độ cập nhật, trở về trạng thái thêm lịch và dữ liệu của lịch ban đầu không bị thay đổi. | G38: TCDsAdmin19_1, TCDsAdmin19_2, TCDsAdmin19_3 | H38: 46242 | I38: Pass | J38: Chức năng Hủy sửa hoạt động đúng, không làm thay đổi dữ liệu của lịch hiện có.
A39: 9. Kiểm tra chức năng xóa lịch làm việc
A40: TC-DS-ADMIN-020 | B40: Kiểm tra Admin xóa lịch làm việc đã tồn tại của bác sĩ. | C40: 1: Đăng nhập với vai trò Admin. 2: Mở trang Quản lý lịch làm việc bác sĩ. 3: Xác định một lịch dùng cho kiểm thử xóa trong Danh sách lịch làm việc. 4: Nhấn Xóa tại lịch đó. 5: Xác nhận thao tác xóa trên hộp thoại. 6: Kiểm tra thông báo của hệ thống. 7: Kiểm tra lại Danh sách lịch làm việc và bảng lịch theo tuần. | D40: Hệ thống xóa lịch thành công; lịch đã xóa không còn xuất hiện trong Danh sách lịch làm việc và bảng lịch theo tuần. | G40: TCDsAdmin20_1, TCDsAdmin20_2, TCDsAdmin20_3 | H40: 46242 | I40: Pass | J40: Chức năng xóa lịch hoạt động đúng; hệ thống yêu cầu xác nhận trước khi xóa và loại bỏ lịch khỏi danh sách sau khi xác nhận.

Sheet MYAPPOINTMENT
A1: TEST CASE
A3: System Name： | B3: SpringMediCareWeb
A4: Module Code： | B4: PATIENT - My Appointments
A5: Test requirement: | B5: Patient Appointment Tracking
A6: Pass | B6: 5 | C6: Pending | D6: 0
A7: Fail | B7: 0 | C7: Number of test cases: | D7: 5
A9: ID | B9: Test Case Description | C9: Test Case Procedure | D9: Expected Results | G9: Actual Results | H9: Test date | I9: Status | J9: Note
A12: 1. Kiểm tra truy cập trang Lịch hẹn của tôi
A13: TC-MYAPPOINTMENT-001 | B13: Kiểm tra lịch hẹn sau khi bệnh nhân đặt thành công được hiển thị trong trang Lịch hẹn của tôi với trạng thái ban đầu là Chờ xác nhận. | C13: 1: Đăng nhập bằng tài khoản Patient. 2: Thực hiện đặt một lịch khám hợp lệ với Doctor và nhập ghi chú. 3: Xác nhận hệ thống đặt lịch thành công. 4: Ghi nhận Doctor, ngày giờ khám và ghi chú của lịch vừa tạo. 5: Mở trang Lịch hẹn của tôi. 6: Tìm lịch hẹn vừa tạo trong danh sách. 7: Kiểm tra Doctor, ngày giờ khám và ghi chú hiển thị đúng. 8: Kiểm tra trạng thái lịch hẹn là “Chờ xác nhận”. | D13: Lịch hẹn vừa tạo xuất hiện trong danh sách. Tên bác sĩ, thời gian khám và ghi chú hiển thị đúng. Trạng thái của lịch hẹn là “Chờ xác nhận”. | G13: TCMyAppointment1_1, TCMyAppointment1_2, TCMyAppointment1_3 | H13: 46245 | I13: Pass | J13: Lịch hẹn mới được tạo thành công và hiển thị đúng trạng thái ban đầu “Chờ xác nhận”.
A14: 2. Admin xử lý lịch hẹn
A15: TC-MYAPPOINTMENT-002 | B15: Kiểm tra trạng thái lịch hẹn của Patient được cập nhật sau khi Admin xác nhận lịch. | C15: 1: Patient thực hiện đặt một lịch khám hợp lệ và ghi nhận thông tin lịch vừa tạo. 2: Đăng nhập bằng tài khoản Admin và mở trang Quản lý lịch hẹn. 3: Tìm đúng lịch hẹn vừa được Patient tạo đang ở trạng thái “Chờ xác nhận”. 4: Admin thực hiện Xác nhận lịch hẹn. 5: Kiểm tra lịch hẹn được cập nhật thành “Đã xác nhận” trên trang Admin. 6: Đăng nhập lại bằng Patient sở hữu lịch hẹn. 7: Mở trang Lịch hẹn của tôi và tìm lịch vừa được Admin xử lý. 8: Kiểm tra thông tin lịch hẹn không thay đổi và trạng thái là “Đã xác nhận”. | D15: Lịch hẹn vẫn hiển thị đúng bác sĩ, thời gian và ghi chú ban đầu. Trạng thái được cập nhật từ “Chờ xác nhận” thành “Đã xác nhận”. | G15: TCMyAppointment2_1, TCMyAppointment2_2, TCMyAppointment2_3 | H15: 46245 | I15: Pass | J15: Trạng thái lịch hẹn được đồng bộ chính xác giữa trang quản lý của Admin và trang “Lịch hẹn của tôi” của Patient.
A16: TC-MYAPPOINTMENT-003 | B16: Kiểm tra trạng thái lịch hẹn của Patient sau khi Admin thực hiện hủy lịch. | C16: 1: Patient thực hiện đặt một lịch khám hợp lệ và ghi nhận thông tin lịch vừa tạo. 2: Đăng nhập bằng tài khoản Admin và mở trang Quản lý lịch hẹn. 3: Tìm đúng lịch hẹn vừa tạo đang ở trạng thái “Chờ xác nhận”. 4: Admin thực hiện Hủy lịch hẹn. 5: Kiểm tra lịch hẹn được cập nhật thành “Đã hủy” trên trang Admin. 6: Đăng nhập lại bằng Patient sở hữu lịch hẹn. 7: Mở trang Lịch hẹn của tôi và tìm lịch vừa bị hủy. 8: Kiểm tra lịch vẫn tồn tại, thông tin không thay đổi và trạng thái là “Đã hủy”. | D16: Lịch hẹn vẫn tồn tại trong lịch sử danh sách. Trạng thái của lịch hẹn được cập nhật thành “Đã hủy”. Thông tin bác sĩ và thời gian của lịch hẹn không bị thay đổi ngoài trạng thái. | G16: TCMyAppointment3_1, TCMyAppointment3_2, TCMyAppointment3_3 | H16: 46245 | I16: Pass | J16: Trạng thái lịch hẹn được cập nhật đúng từ “Chờ xác nhận” sang “Đã hủy” sau khi Admin thực hiện hủy.
A17: 3. Bác sĩ thực hiện khám
A18: TC-MYAPPOINTMENT-004 | B18: Kiểm tra lịch hẹn được cập nhật đúng xuyên suốt từ khi Patient đặt lịch, Admin xác nhận đến khi Doctor hoàn thành khám. | C18: 1: Patient thực hiện đặt một lịch khám hợp lệ với Doctor và ghi nhận thông tin lịch. 2: Mở Lịch hẹn của tôi và kiểm tra lịch vừa tạo có trạng thái “Chờ xác nhận”. 3: Đăng nhập Admin, tìm đúng lịch hẹn và thực hiện Xác nhận. 4: Kiểm tra lịch được cập nhật thành “Đã xác nhận”. 5: Đăng nhập bằng Doctor của lịch hẹn và mở Lịch hẹn bệnh nhân. 6: Tìm đúng lịch đã được Admin xác nhận và thực hiện Khám bệnh. 7: Nhập kết quả khám và lưu hồ sơ bệnh án thành công. 8: Đăng nhập lại bằng Patient và mở Lịch hẹn của tôi. 9: Kiểm tra đúng lịch hẹn chuyển thành “Đã hoàn thành” và các thông tin ban đầu không bị thay đổi. | D18: Sau khi Patient đặt lịch, lịch được tạo với trạng thái “Chờ xác nhận”. Sau khi Admin xác nhận, lịch chuyển thành “Đã xác nhận” và xuất hiện đúng trong danh sách của Doctor. Doctor có thể thực hiện khám và lưu hồ sơ bệnh án cho đúng lịch hẹn. Sau khi Doctor hoàn thành khám, lịch chuyển thành “Đã hoàn thành”. Trong toàn bộ quá trình, ID, bác sĩ, thời gian khám và ghi chú của lịch hẹn không bị thay đổi ngoài trạng thái. Không phát sinh thêm bản ghi lịch hẹn trùng. | G18: TCMyAppointment4_1, TCMyAppointment4_2, TCMyAppointment4_3, TCMyAppointment4_4 | H18: 46245 | I18: Pass | J18: Lịch hẹn được cập nhật đúng xuyên suốt từ “Chờ xác nhận” -> “Đã xác nhận” -> “Đã hoàn thành” sau khi Doctor hoàn tất khám.
A19: 4. Kiểm tra khung giờ được giải phóng sau khi lịch hẹn bị hủy
A20: TC-MYAPPOINTMENT-005 | B20: Kiểm tra khung giờ của một lịch hẹn đã bị hủy có thể được sử dụng để tạo lịch hẹn mới. | C20: 1: Patient A thực hiện đặt lịch với Doctor tại một ngày và khung giờ hợp lệ. 2: Ghi nhận Doctor, ngày và khung giờ của lịch vừa tạo. 3: Đăng nhập Admin, tìm đúng lịch của Patient A và thực hiện Hủy lịch. 4: Kiểm tra lịch của Patient A được cập nhật thành “Đã hủy”. 5: Đăng nhập bằng Patient B và mở chức năng đặt lịch với cùng Doctor. 6: Chọn lại đúng ngày và khung giờ của lịch vừa bị hủy. 7: Nhập ghi chú và thực hiện đặt lịch mới. 8: Mở Lịch hẹn của tôi và tìm lịch mới của Patient B. 9: Kiểm tra lịch mới được tạo thành công với trạng thái “Chờ xác nhận” tại đúng khung giờ đã được giải phóng. | D20: Lịch của Patient A vẫn giữ trạng thái “Đã hủy”. Khung giờ của lịch đã hủy được giải phóng. Patient B có thể đặt lịch mới với cùng Doctor tại cùng ngày giờ. Lịch mới có ID khác và trạng thái “Chờ xác nhận”. | G20: TCMyAppointment5_1, TCMyAppointment5_2, TCMyAppointment5_3 | H20: 46245 | I20: Pass | J20: Lịch hẹn đã hủy không còn chiếm khung giờ, hệ thống cho phép tạo lịch mới tại cùng ngày giờ với trạng thái “Chờ xác nhận”.

Sheet HISTORY
A1: TEST CASE
A3: System Name： | B3: SpringMediCareWeb
A4: Module Code： | B4: MEDICAL - Medical History
A5: Test requirement: | B5: Patient Medical History
A6: Pass | B6: 5 | C6: Pending | D6: 0
A7: Fail | B7: 1 | C7: Number of test cases: | D7: 6
A9: ID | B9: Test Case Description | C9: Test Case Procedure | D9: Expected Results | G9: Actual Results | H9: Test date | I9: Status | J9: Note | K9: Retest Date | L9: Retest Status | M9: Retest Evidence
A12: 1. Kiểm tra thời điểm phát sinh lịch sử khám bệnh
A13: TC-MEDICALHISTORY-001 | B13: Kiểm tra lịch hẹn chưa được Doctor khám không phát sinh Lịch sử khám bệnh. | C13: 1: Đăng nhập bằng tài khoản Patient. 2: Tạo một lịch hẹn hợp lệ. 3: Mở trang Lịch sử khám bệnh. 4: Kiểm tra lịch hẹn vừa tạo trong danh sách lịch sử khám. | D13: Lịch hẹn vừa tạo chưa xuất hiện trong Lịch sử khám bệnh. Không phát sinh bản ghi khám bệnh khi Doctor chưa thực hiện khám. | G13: TCMedicalHistory1_1, TCMedicalHistory1_2, TCMedicalHistory1_3 | H13: 46246 | I13: Pass | J13: Lịch hẹn mới chưa được Doctor khám nên không phát sinh bản ghi trong Lịch sử khám bệnh.
A14: TC-MEDICALHISTORY-002 | B14: Kiểm tra lịch hẹn đã được Admin xác nhận nhưng chưa được Doctor khám không phát sinh Lịch sử khám bệnh. | C14: 1: Đăng nhập bằng tài khoản Patient. 2: Tạo một lịch hẹn hợp lệ. 3: Đăng xuất và đăng nhập bằng tài khoản Admin. 4: Xác nhận lịch hẹn vừa tạo. 5: Đăng xuất và đăng nhập lại bằng tài khoản Patient. 6: Mở trang Lịch sử khám bệnh. 7: Kiểm tra lịch hẹn vừa được xác nhận trong danh sách lịch sử khám | D14: Lịch hẹn đã xác nhận chưa xuất hiện trong Lịch sử khám bệnh. Hệ thống chỉ ghi nhận lịch sử khám sau khi Doctor thực hiện khám và lưu kết quả. | G14: TCMedicalHistory2_1, TCMedicalHistory2_2, TCMedicalHistory2_3 | H14: 46246 | I14: Pass | J14: Lịch hẹn đã được Admin xác nhận nhưng chưa được Doctor khám nên chưa phát sinh bản ghi trong Lịch sử khám bệnh.
A15: 2. Kiểm tra tạo lịch sử khám sau khi Doctor khám
A16: TC-MEDICALHISTORY-003 | B16: Kiểm tra Lịch sử khám bệnh được tạo sau khi Doctor hoàn thành khám và lưu hồ sơ bệnh án. | C16: 1: Đăng nhập bằng tài khoản Patient. 2: Tạo một lịch hẹn hợp lệ. 3: Đăng xuất và đăng nhập bằng tài khoản Admin. 4: Xác nhận lịch hẹn vừa tạo. 5: Đăng xuất và đăng nhập bằng tài khoản Doctor phụ trách lịch hẹn. 6: Mở lịch hẹn và chọn Khám bệnh. 7: Nhập thông tin khám và lưu hồ sơ bệnh án. 8: Đăng xuất và đăng nhập lại bằng tài khoản Patient. 9: Mở trang Lịch sử khám bệnh. 10: Kiểm tra bản ghi của lần khám vừa hoàn thành. | D16: Lần khám vừa hoàn thành xuất hiện trong Lịch sử khám bệnh của Patient. Bản ghi thuộc đúng Patient và Doctor thực hiện khám. Thông tin lần khám được ghi nhận sau khi Doctor lưu hồ sơ bệnh án. | G16: TCMedicalHistory3_1, TCMedicalHistory3_2, TCMedicalHistory3_3 | H16: 46246 | I16: Pass | J16: Sau khi Doctor hoàn thành khám và lưu hồ sơ bệnh án, lần khám mới được ghi nhận đúng trong Lịch sử khám bệnh của Patient.
A17: 3. Kiểm tra chi tiết lịch sử khám
A18: TC-MEDICALHISTORY-004 | B18: Kiểm tra thông tin chi tiết của một bản ghi Lịch sử khám bệnh. | C18: 1: Đăng nhập bằng tài khoản Patient đã có Lịch sử khám bệnh. 2: Mở trang Lịch sử khám bệnh. 3: Chọn một bản ghi và ghi nhận thông tin nhận diện của bản ghi. 4: Nhấn Xem chi tiết. 5: Kiểm tra trang chi tiết của bản ghi vừa chọn. | D18: Hệ thống mở đúng hồ sơ của bản ghi đã chọn. Trang chi tiết hiển thị đầy đủ thông tin của hồ sơ. Thông tin hiển thị tương ứng với bản ghi được chọn. | G18: TCMedicalHistory4_1, TCMedicalHistory4-2 | H18: 46246 | I18: Fail | J18: Nhấn “Xem chi tiết” chuyển đến đúng trang hồ sơ nhưng nội dung chi tiết không được hiển thị. | K18: 46247 | L18: Pass | M18: TCMedicalHistoryRetest4_1, TCMedicalHistoryRetest4_2
A19: 4. Kiểm tra dữ liệu giữa các Patient
A20: TC-MEDICALHISTORY-005 | B20: Kiểm tra Lịch sử khám bệnh được phân tách theo từng Patient. | C20: 1: Đăng nhập bằng Patient A. 2: Mở trang Lịch sử khám bệnh và ghi nhận các bản ghi hiển thị. 3: Đăng xuất Patient A. 4: Đăng nhập bằng Patient B. 5: Mở trang Lịch sử khám bệnh. 6: So sánh danh sách lịch sử khám của hai Patient. | D20: Mỗi Patient chỉ nhìn thấy các bản ghi Lịch sử khám bệnh thuộc tài khoản của mình. Không xuất hiện bản ghi của Patient A trong lịch sử của Patient B và ngược lại. Dữ liệu giữa hai Patient được phân tách riêng. | G20: TCMedicalHistory5_1, TCMedicalHistory5_2 | H20: 46247 | I20: Pass | J20: Lịch sử khám bệnh được phân tách đúng theo từng Patient, không xảy ra lẫn dữ liệu giữa các tài khoản.
A21: 5. Kiểm tra cập nhật hồ sơ bệnh án
A22: TC-MEDICALHISTORY-006 | B22: Kiểm tra Lịch sử khám bệnh được cập nhật sau khi Doctor chỉnh sửa hồ sơ bệnh án. | C22: 1: Đăng nhập bằng tài khoản Patient đã có hồ sơ bệnh án hoàn thành. 2: Mở trang Lịch sử khám bệnh và ghi nhận thông tin của một bản ghi. 3: Đăng xuất và đăng nhập bằng tài khoản Doctor phụ trách hồ sơ. 4: Mở hồ sơ bệnh án tương ứng và chọn Cập nhật hồ sơ. 5: Thay đổi thông tin khám và lưu cập nhật. 6: Đăng xuất và đăng nhập lại bằng tài khoản Patient. 7: Mở trang Lịch sử khám bệnh. 8: Kiểm tra bản ghi vừa được Doctor cập nhật. | D22: Thông tin đã chỉnh sửa được cập nhật trong Lịch sử khám bệnh của Patient. Bản ghi vẫn giữ nguyên ID ban đầu. Hệ thống không tạo thêm bản ghi mới sau khi cập nhật hồ sơ. Các bản ghi Lịch sử khám bệnh khác không bị thay đổi. | G22: TCMedicalHistory6_1, TCMedicalHistory6_2, TCMedicalHistory6_3 | H22: 46247 | I22: Pass | J22: Hồ sơ bệnh án được cập nhật thành công, dữ liệu mới được đồng bộ đúng vào Lịch sử khám bệnh của Patient mà không tạo thêm bản ghi mới.

Sheet WORKSCHEDULE
A1: TEST CASE
A3: System Name： | B3: SpringMediCareWeb
A4: Module Code： | B4: SCHEDULE - Doctor Work Schedule
A5: Test requirement: | B5: Doctor Work Schedule
A6: Pass | B6: 5 | C6: Pending | D6: 0
A7: Fail | B7: 0 | C7: Number of test cases: | D7: 5
A9: ID | B9: Test Case Description | C9: Test Case Procedure | D9: Expected Results | G9: Actual Results | H9: Test date | I9: Status | J9: Note
A12: 1. Kiểm tra lịch làm việc theo tuần của bác sĩ
A13: TC-WORKSCHEDULE-001 | B13: Kiểm tra Doctor xem được đúng thông tin cá nhân và lịch làm việc của mình trong tuần được hiển thị. | C13: 1: Đăng nhập bằng tài khoản Doctor có lịch làm việc. 2: Mở trang Lịch làm việc của tôi. 3: Kiểm tra tên Doctor và chuyên khoa hiển thị trên trang. 4: Kiểm tra khoảng thời gian và 7 ngày của tuần đang hiển thị. 5: Kiểm tra các ca Sáng, Chiều, Tối trong bảng lịch theo tuần. 6: Kiểm tra các ca có lịch hiển thị đúng Doctor và các ca không có lịch hiển thị “Trống”. | D13: Hiển thị đúng tên Doctor đang đăng nhập. Hiển thị đúng chuyên khoa của Doctor. Hiển thị đúng khoảng ngày của tuần hiện tại. Các ca có lịch được hiển thị đúng ngày và đúng ca làm việc. Những ngày/ca không có lịch được hiển thị “Trống”. Không hiển thị lịch làm việc của Doctor khác. | G13: TCWorkSchedule1 | H13: 46247 | I13: Pass | J13: Lịch làm việc của Doctor được hiển thị đúng theo tuần, bao gồm các ca có lịch, ca nghỉ và các ca trống.
A14: TC-WORKSCHEDULE-002 | B14: Kiểm tra chức năng Tuần trước hiển thị đúng lịch làm việc của Doctor trong tuần liền trước. | C14: 1: Đăng nhập bằng tài khoản Doctor. 2: Mở trang Lịch làm việc của tôi và ghi nhận tuần đang hiển thị. 3: Nhấn Tuần trước. 4: Kiểm tra khoảng thời gian và các ngày sau khi chuyển tuần. 5: Kiểm tra dữ liệu lịch làm việc thuộc tuần vừa chọn. | D14: Khoảng thời gian chuyển đúng về tuần liền trước. Các ngày trong bảng được cập nhật theo tuần mới. Chỉ hiển thị lịch làm việc thuộc tuần được chọn. Các ca có lịch và ca trống được hiển thị đúng theo dữ liệu của tuần đó. Không còn hiển thị nhầm dữ liệu của tuần trước khi chuyển. | G14: TCWorkSchedule2_1, TCWorkSchedule2_2 | H14: 46247 | I14: Pass | J14: Chức năng “Tuần trước” chuyển đúng khoảng thời gian và hiển thị đúng lịch làm việc tương ứng.
A15: TC-WORKSCHEDULE-003 | B15: Kiểm tra chức năng Tuần sau hiển thị đúng lịch làm việc của Doctor trong tuần kế tiếp. | C15: 1: Đăng nhập bằng tài khoản Doctor. 2: Mở trang Lịch làm việc của tôi và ghi nhận tuần đang hiển thị. 3: Nhấn Tuần sau. 4: Kiểm tra khoảng thời gian và các ngày sau khi chuyển tuần. 5: Kiểm tra dữ liệu lịch làm việc thuộc tuần vừa chọn. | D15: Khoảng thời gian chuyển đúng sang tuần kế tiếp. Các ngày trong bảng được cập nhật đúng theo tuần mới. Chỉ hiển thị lịch làm việc thuộc tuần được chọn. Các ca có lịch và ca trống được hiển thị đúng theo dữ liệu của tuần đó. Không hiển thị nhầm dữ liệu của tuần trước đó. | G15: TCWorkSchedule3_1, TCWorkSchedule3_2 | H15: 46247 | I15: Pass | J15: Chức năng “Tuần sau” chuyển đúng khoảng thời gian và hiển thị đúng lịch làm việc tương ứng.
A16: 2. Kiểm tra tính chính xác và phân tách dữ liệu lịch làm việc
A17: TC-WORKSCHEDULE-004 | B17: Kiểm tra thông tin lịch làm việc trong bảng Lịch làm việc theo tuần khớp với dữ liệu trong Danh sách lịch làm việc của Doctor. | C17: 1: Đăng nhập bằng tài khoản Doctor có lịch làm việc. 2: Mở trang Lịch làm việc của tôi. 3: Ghi nhận các lịch làm việc đang hiển thị trong bảng Lịch làm việc theo tuần. 4: Mở khu vực Danh sách lịch làm việc phía dưới. 5: Ghi nhận các lịch làm việc trong danh sách. 6: Đối chiếu Doctor, ngày, ca và thời gian giữa hai khu vực. | D17: Mỗi ca có lịch trong bảng theo tuần có bản ghi tương ứng trong danh sách lịch làm việc. Doctor hiển thị đúng. Ngày làm việc khớp giữa hai khu vực. Ca làm việc khớp. Thời gian bắt đầu và kết thúc đúng với ca tương ứng. Không xuất hiện bản ghi sai ngày hoặc sai ca. | G17: TCWorkSchedule4_1, TCWorkSchedule4_2 | H17: 46247 | I17: Pass | J17: Dữ liệu giữa Lịch làm việc theo tuần và Danh sách lịch làm việc hiển thị đồng nhất về ngày, ca, thời gian và trạng thái.
A18: TC-WORKSCHEDULE-005 | B18: Kiểm tra mỗi Doctor chỉ xem được lịch làm việc thuộc tài khoản của mình và không bị hiển thị lịch của Doctor khác. | C18: 1: Đăng nhập bằng Doctor A. 2: Mở Lịch làm việc của tôi và ghi nhận tên Doctor, chuyên khoa và lịch đang hiển thị. 3: Đăng xuất Doctor A. 4: Đăng nhập bằng Doctor B. 5: Mở Lịch làm việc của tôi và ghi nhận tên Doctor, chuyên khoa và lịch đang hiển thị. 6: Kiểm tra Doctor B chỉ thấy thông tin và lịch làm việc của mình. 7: Đối chiếu dữ liệu Doctor A và Doctor B để bảo đảm không bị lẫn lịch. | D18: Khi đăng nhập Doctor A, hệ thống hiển thị đúng tên, chuyên khoa và lịch làm việc của Doctor A. Khi đăng nhập Doctor B, hệ thống hiển thị đúng thông tin và lịch làm việc của Doctor B. Không hiển thị lịch của Doctor A trong tài khoản Doctor B và ngược lại. Dữ liệu lịch làm việc được phân tách đúng theo từng Doctor. | G18: TCWorkSchedule5_1, TCWorkSchedule5_2 | H18: 46247 | I18: Pass | J18: Lịch làm việc được hiển thị và phân tách đúng theo từng Doctor, không xảy ra lẫn dữ liệu giữa các tài khoản.

Sheet NOTIFICATION
A1: TEST CASE
A3: System Name： | B3: SpringMediCareWeb
A4: Module Code： | B4: NOTIFICATION - Patient Notifications
A5: Test requirement: | B5: Patient Notification
A6: Pass | B6: 4 | C6: Pending | D6: 0
A7: Fail | B7: 5 | C7: Number of test cases: | D7: 9
A9: ID | B9: Test Case Description | C9: Test Case Procedure | D9: Expected Results | G9: Actual Results | H9: Test date | I9: Status | J9: Note | K9: Retest Date | L9: Retest Status | M9: Retest Evidence
A12: 1. Kiểm tra Patient nhận thông báo sau khi lịch hẹn được Admin thao tác
A13: TC-NOTIFICATION-001 | B13: Kiểm tra Patient nhận được thông báo đúng sau khi Admin xác nhận lịch hẹn mà Patient đã đặt. | C13: 1: Patient thực hiện đặt một lịch khám hợp lệ. 2: Đăng nhập bằng Admin. 3: Mở Quản lý lịch hẹn và xác nhận lịch vừa tạo. 4: Đăng xuất Admin và đăng nhập lại bằng Patient. 5: Mở trang Thông báo. 6: Tìm thông báo liên quan đến lịch hẹn vừa được xác nhận. 7: Kiểm tra loại, nội dung và thời gian của thông báo. | D13: Patient nhận được thông báo cho đúng lịch hẹn vừa được Admin xác nhận. Thông báo thuộc loại [Lịch hẹn]. Nội dung thông báo chứa đúng mã lịch hẹn và thể hiện lịch hẹn đã được xác nhận. Không lấy nhầm thông báo của lịch hẹn khác. Thời gian thông báo được hiển thị và đúng định dạng HH:mm:ss dd/MM/yyyy. | G13: TCNotification1_1, TCNotification1_2, TCNotification1_3 | H13: 46248 | I13: Pass | J13: Thông báo lịch hẹn được tạo và hiển thị đúng cho Patient sau khi Admin xác nhận lịch.
A14: TC-NOTIFICATION-002 | B14: Kiểm tra Patient nhận được thông báo phù hợp khi Admin thực hiện hủy lịch hẹn của Patient. | C14: 1: Patient đặt một lịch khám hợp lệ. 2: Đăng nhập bằng Admin. 3: Mở Quản lý lịch hẹn và hủy lịch vừa tạo. 4: Đăng xuất Admin và đăng nhập lại bằng Patient. 5: Mở trang Thông báo. 6: Tìm thông báo liên quan đến lịch hẹn vừa bị hủy. 7: Kiểm tra loại và nội dung thông báo. | D14: Patient nhận được thông báo cho đúng lịch hẹn vừa bị Admin hủy. Thông báo thuộc loại [Lịch hẹn]. Nội dung thông báo chứa đúng mã lịch hẹn và thể hiện lịch hẹn đã bị hủy. Không lấy nhầm thông báo của lịch hẹn khác. Thời gian thông báo được hiển thị và đúng định dạng HH:mm:ss dd/MM/yyyy. | G14: TCNotification2_1 TCNotification2_2, TCNotification2_3 | H14: 46248 | I14: Fail | J14: Không phát sinh thông báo cho Patient sau khi Admin hủy lịch hẹn. | K14: 46248 | L14: Pass | M14: TCNotificationRetest2_1, TCNotificationRetest2_2, TCNotificationRetest2_3
A15: 2. Kiểm tra Patient nhận thông báo sau khi lịch hẹn được Doctor thao tác
A16: TC-NOTIFICATION-003 | B16: Kiểm tra Patient nhận được thông báo sau khi Doctor thực hiện khám, nhập chẩn đoán và hướng điều trị, sau đó lưu hồ sơ bệnh án. | C16: 1: Chuẩn bị Patient có lịch hẹn đã được Admin xác nhận. 2: Đăng nhập bằng Doctor phụ trách lịch hẹn. 3: Mở lịch hẹn của Patient và chọn Khám bệnh. 4: Nhập Chẩn đoán và Hướng điều trị hợp lệ. 5: Lưu hồ sơ bệnh án. 6: Đăng xuất Doctor và đăng nhập lại bằng Patient. 7: Mở trang Thông báo. 8: Tìm và kiểm tra thông báo mới phát sinh sau khi Doctor lưu hồ sơ bệnh án, bao gồm nội dung và thời gian thông báo. | D16: Patient nhận được thông báo mới sau khi Doctor cập nhật kết quả khám. Loại thông báo hiển thị là [Thông báo], nội dung thể hiện “Kết quả khám của bạn đã được bác sĩ ... cập nhật”, kèm thời gian thông báo. | G16: TCNotification3_1, TCNotification3_2, TCNotification3_3 | H16: 46248 | I16: Fail | J16: Không phát sinh thông báo cho Patient sau khi Doctor lưu kết quả khám. | K16: 46248 | L16: Pass | M16: TCNotificationRetest3_1, TCNotificationRetest3_2, TCNotificationRetest3_3
A17: 3. Kiểm tra lưu trữ và phân tách thông báo
A18: TC-NOTIFICATION-004 | B18: Kiểm tra khi Patient phát sinh nhiều thông báo từ các sự kiện khác nhau, các thông báo được lưu thành các bản ghi riêng biệt và không ghi đè lẫn nhau. | C18: 1: Đăng nhập bằng Patient. 2: Tạo một lịch hẹn mới hợp lệ. 3: Đăng xuất Patient và đăng nhập bằng Admin. 4: Mở trang Quản lý lịch hẹn và xác nhận lịch hẹn vừa tạo. 5: Đăng xuất Admin và đăng nhập lại bằng Patient. 6: Mở trang Thông báo. 7: Kiểm tra thông báo mới của lịch vừa được xác nhận. 8: Kiểm tra thông báo đã tồn tại trước đó vẫn còn hiển thị. | D18: Patient nhận được thông báo mới tương ứng với sự kiện vừa phát sinh. Thông báo mới được hiển thị trong danh sách Thông báo. Các thông báo đã tồn tại trước đó vẫn còn hiển thị, không bị mất hoặc ghi đè. Nội dung của các thông báo không bị trộn lẫn. | G18: TCNotification4 | H18: 46248 | I18: Pass | J18: Các thông báo được lưu và hiển thị riêng biệt, thông báo mới không ghi đè các thông báo trước đó.
A19: TC-NOTIFICATION-005 | B19: Kiểm tra thông báo được phân tách đúng giữa các tài khoản Patient, Patient này không xem được thông báo của Patient khác. | C19: 1: Đăng nhập bằng tài khoản patient_an. 2: Mở trang Thông báo và ghi nhận danh sách thông báo đang hiển thị. 3: Đăng xuất patient_an, sau đó đăng nhập bằng tài khoản patient_thu. 4: Mở trang Thông báo và ghi nhận danh sách thông báo đang hiển thị. 5: So sánh nội dung thông báo của hai Patient, xác nhận danh sách thông báo được hiển thị riêng theo từng tài khoản và không giống hoàn toàn nhau. | D19: Patient A chỉ xem được thông báo liên quan đến lịch hẹn của Patient A và không xem được thông báo của Patient B. Patient B chỉ xem được thông báo liên quan đến lịch hẹn của Patient B và không xem được thông báo của Patient A. Nội dung thông báo của hai Patient được phân tách chính xác, không xảy ra hiển thị chéo dữ liệu giữa các tài khoản. | G19: TCNotification5_1, TCNotification5_2 | H19: 46248 | I19: Pass | J19: Đã đối chiếu trên 2 tài khoản Patient khác nhau. Danh sách notification hiển thị riêng biệt, không bị trộn lẫn giữa các tài khoản.
A20: 4. Kiểm tra thông báo đơn thuốc
A21: TC-NOTIFICATION-006 | B21: Kiểm tra Patient nhận được thông báo đúng sau khi Doctor tạo và lưu đơn thuốc mới cho hồ sơ khám của Patient. | C21: 1: Chuẩn bị Patient có lịch hẹn đã được xác nhận. 2: Doctor đăng nhập. 3: Doctor mở lịch hẹn của Patient. 4: Thực hiện khám bệnh. 5: Nhập/lưu thông tin khám cần thiết. 6: Mở chức năng kê đơn thuốc. 7: Tạo đơn thuốc hợp lệ cho Patient. 8: Đăng xuất Doctor và đăng nhập Patient. 9: Mở Thông báo và kiểm tra notification về đơn thuốc. | D21: Doctor tạo đơn thuốc cho Patient thành công. Patient nhận được thông báo mới sau khi đơn thuốc được tạo. Thông báo thuộc loại [Đơn thuốc]. Nội dung thông báo thể hiện đúng sự kiện đơn thuốc mới được tạo cho Patient. Thời gian thông báo được ghi nhận và hiển thị. | G21: TCNotification6_1, TCNotification6_2, TCNotification6_3, TCNotification6_4 | H21: 46248 | I21: Fail | J21: Không phát sinh thông báo đơn thuốc cho Patient sau khi Doctor lưu đơn thuốc mới. | K21: 46249 | L21: Pass | M21: TCNotificationRetest6_1, TCNotificationRetest6_2
A22: 5. Kiểm tra thông báo kết quả xét nghiệm
A23: TC-NOTIFICATION-007 | B23: Kiểm tra Patient nhận được thông báo đúng sau khi Doctor thêm và lưu kết quả xét nghiệm vào hồ sơ bệnh án của Patient. | C23: 1: Chuẩn bị Patient có hồ sơ bệnh án đã được Doctor tạo. 2: Đăng nhập bằng Doctor phụ trách hồ sơ bệnh án. 3: Mở Chi tiết hồ sơ bệnh án của Patient. 4: Chuyển đến phần Xét nghiệm. 5: Thêm kết quả xét nghiệm với thông tin hợp lệ. 6: Lưu kết quả xét nghiệm. 7: Đăng xuất Doctor và đăng nhập lại bằng Patient. 8: Mở trang Thông báo. 9: Tìm thông báo mới phát sinh liên quan đến kết quả xét nghiệm vừa được lưu. | D23: Kết quả xét nghiệm được lưu thành công. Patient nhận được một thông báo mới sau khi kết quả xét nghiệm được cập nhật. Thông báo thuộc loại [Kết quả xét nghiệm]. Nội dung thông báo thể hiện đúng sự kiện kết quả xét nghiệm của Patient đã được cập nhật. Thời gian thông báo được ghi nhận và hiển thị. | G23: TCNotification7_1, TCNotification7_2 | H23: 46248 | I23: Fail | J23: Không phát sinh thông báo kết quả xét nghiệm cho Patient sau khi Doctor thêm kết quả xét nghiệm. | K23: 46249 | L23: Pass | M23: TCNotificationRetest7_1, TCNotificationRetest7_2
A24: 6. Kiểm tra thông báo khi dữ liệu khám bệnh được thay đổi
A25: TC-NOTIFICATION-008 | B25: Kiểm tra Patient nhận được thông báo mới khi Doctor kê thêm một đơn thuốc mới cho Patient đã có đơn thuốc trước đó. | C25: 1: Chuẩn bị Patient đã có một đơn thuốc cũ. 2: Ghi nhận notification của đơn thuốc cũ. 3: Doctor đăng nhập. 4: Mở hồ sơ bệnh án → tab Đơn thuốc. 5: Kê thêm một đơn thuốc mới với thuốc/số lượng/liều dùng khác. 6: Lưu đơn thuốc mới. 7: Đăng xuất Doctor → đăng nhập Patient. 8: Mở Thông báo. 9: Tìm và kiểm tra thông báo mới phát sinh từ đơn thuốc vừa được lưu. | D25: Đơn thuốc mới được lưu thành công. Patient nhận được một thông báo mới thuộc loại [Đơn thuốc]. Nội dung thông báo tương ứng với đơn thuốc mới vừa được tạo. Thông báo mới không bị nhầm hoặc ghi đè bởi thông báo của đơn thuốc trước đó. Thời gian thông báo được ghi nhận và hiển thị. | G25: TCNotification8_1, TCNotification8_2, TCNotification8_3 | H25: 46248 | I25: Pass | J25: Phát sinh đúng thông báo [Đơn thuốc] mới sau khi Doctor kê thêm đơn thuốc mới; thông báo cũ và mới được hiển thị riêng biệt.
A26: TC-NOTIFICATION-009 | B26: Kiểm tra Patient nhận được thông báo mới sau khi Doctor chỉnh sửa Chẩn đoán và Hướng điều trị của một hồ sơ bệnh án đã tồn tại. | C26: 1: Chuẩn bị Patient đã có hồ sơ khám với Chẩn đoán và Hướng điều trị được lưu trước đó. 2: Đăng nhập Doctor phụ trách. 3: Mở hồ sơ khám của Patient. 4: Chỉnh sửa Chẩn đoán và/hoặc Hướng điều trị. 5: Lưu thông tin đã cập nhật. 6: Đăng xuất Doctor và đăng nhập Patient. 7: Mở trang Thông báo. 8: Tìm và kiểm tra thông báo mới phát sinh sau khi Doctor cập nhật hồ sơ khám. | D26: Thông tin Chẩn đoán/Hướng điều trị được cập nhật thành công. Patient nhận được một thông báo mới sau khi Doctor cập nhật hồ sơ khám. Nội dung thông báo thể hiện đúng sự kiện hồ sơ/kết quả khám của Patient vừa được cập nhật. Thông báo mới không bị nhầm với thông báo đã phát sinh khi lưu kết quả khám trước đó. Thời gian thông báo được ghi nhận và hiển thị. | G26: TCNotification9_1, TCNotification9_2, TCNotification9_3, | I26: Fail | J26: Không phát sinh thông báo mới cho Patient sau khi Doctor cập nhật Chẩn đoán và Hướng điều trị của hồ sơ bệnh án.

Sheet DOCTOR
A1: TEST CASE
A3: System Name： | B3: SpringMediCareWeb
A4: Module Code： | B4: DOCTOR - Doctor Management
A5: Test requirement: | B5: Doctor Information
A6: Pass | B6: 4 | C6: Pending | D6: 0
A7: Fail | B7: 0 | C7: Number of test cases: | D7: 4
A9: ID | B9: Test Case Description | C9: Test Case Procedure | D9: Expected Results | G9: Actual Results | H9: Test date | I9: Status | J9: Note
A12: Kiểm tra chức năng Bác sĩ khi Patient đã đăng nhập
A13: TC-DOCTOR-001 | B13: Kiểm tra danh sách bác sĩ và thông tin bác sĩ được hiển thị đầy đủ khi mở trang | C13: 1: Mở trang bác sĩ. 2: Quan sát tiêu đề và số lượng bác sĩ hiển thị. 3: Quan sát các card bác sĩ trong danh sách. 4: Kiểm tra thông tin trên từng card gồm hình ảnh, tên bác sĩ, chuyên khoa, kinh nghiệm và nút Đặt lịch hẹn. | D13: Trang Bác sĩ được mở thành công. Hiển thị tiêu đề Danh sách bác sĩ. Số lượng hiển thị khớp với số card bác sĩ thực tế. Danh sách hiện đầy đủ 4 bác sĩ. Mỗi card hiển thị đầy đủ hình ảnh, tên, chuyên khoa, kinh nghiệm và nút Đặt lịch hẹn. Không có card bị thiếu hoặc trùng dữ liệu. | G13: TCDoctor1 | H13: 46252 | I13: Pass | J13: Hiển thị đúng 4 bác sĩ và đầy đủ thông tin trên từng card.
A14: TC-DOCTOR-002 | B14: Kiểm tra tìm kiếm bác sĩ với từ khóa hợp lệ | C14: 1: Mở trang bác sĩ. 2: Nhập Tran Binh vào ô tìm kiếm. 3: Nhấn Tìm kiếm. 4: Quan sát kết quả. | D14: Hệ thống trả về bác sĩ Tran Binh. Không hiển thị các bác sĩ không phù hợp với từ khóa. Số lượng bác sĩ hiển thị được cập nhật tương ứng với kết quả tìm kiếm. Card kết quả vẫn hiển thị đầy đủ thông tin và nút Đặt lịch hẹn. | G14: TCDoctor2 | H14: 46252 | I14: Pass | J14: Hệ thống thực hiện tìm kiếm đúng.
A15: TC-DOCTOR-003 | B15: Kiểm tra tìm kiếm bác sĩ với từ khóa không tồn tại | C15: 1: Mở trang bác sĩ. 2: Nhập một tên bác sĩ không tồn tại, ví dụ Nguyen Van A. 3: Nhấn Tìm kiếm. 4: Quan sát kết quả. | D15: Hệ thống không hiển thị card bác sĩ không phù hợp. Số lượng kết quả hiển thị bằng 0 hoặc hệ thống thể hiện trạng thái không có kết quả theo thiết kế. Trang không phát sinh lỗi và các thành phần giao diện vẫn hoạt động bình thường. | G15: TCDoctor3 | H15: 46252 | I15: Pass | J15: Hệ thống thực hiện tìm kiếm đúng.
A16: TC-DOCTOR-004 | B16: Kiểm tra nút Đặt lịch hẹn điều hướng đúng đến bác sĩ được chọn | C16: 1: Mở trang bác sĩ. 2: Chọn một bác sĩ, ví dụ Tran Binh. 3: Nhấn Đặt lịch hẹn trên đúng card của bác sĩ đó. 4: Quan sát trang được điều hướng đến. 5: Kiểm tra thông tin bác sĩ trên trang đặt lịch. | D16: Hệ thống điều hướng sang trang Đặt lịch hẹn khám của đúng bác sĩ đã chọn. Thông tin bác sĩ trên trang đặt lịch tương ứng với Tran Binh. Không điều hướng sang bác sĩ khác và không phát sinh lỗi. | G16: TCDoctor4_1, TCDoctor4_2 | H16: 46252 | I16: Pass | J16: Hệ thống thực hiện chuyển hướng đúng.

Sheet SPECIALTY
A1: TEST CASE
A3: System Name： | B3: SpringMediCareWeb
A4: Module Code： | B4: SPECIALTY - Specialty Management
A5: Test requirement: | B5: Specialty Information
A6: Pass | B6: 5 | C6: Pending | D6: 0
A7: Fail | B7: 0 | C7: Number of test cases: | D7: 5
A9: ID | B9: Test Case Description | C9: Test Case Procedure | D9: Expected Results | G9: Actual Results | H9: Test date | I9: Status | J9: Note
A12: TC-SPECIALTY-001 | B12: Kiểm tra danh sách chuyên khoa và thông tin chuyên khoa được hiển thị đầy đủ khi mở trang | C12: 1: Patient mở trang Chuyên khoa. 2: Quan sát tiêu đề và số lượng chuyên khoa hiển thị. 3: Quan sát các card chuyên khoa trong danh sách. 4: Kiểm tra thông tin trên từng card gồm hình ảnh, tên chuyên khoa, mô tả, nút Xem bác sĩ thuộc khoa và Xem chi tiết khoa. | D12: Trang Chuyên khoa được mở thành công. Hiển thị tiêu đề Danh mục chuyên khoa. Số lượng hiển thị khớp với số card chuyên khoa thực tế. Danh sách hiển thị đầy đủ 8 chuyên khoa. Mỗi card có đầy đủ hình ảnh, tên, mô tả và các nút chức năng tương ứng. | G12: TCSpecialty1 | H12: 46252 | I12: Pass | J12: Hiển thị đầy đủ danh sách và thông tin chuyên khoa theo thiết kế.
A13: TC-SPECIALTY-002 | B13: Kiểm tra tìm kiếm chuyên khoa với từ khóa hợp lệ | C13: 1: Patient mở trang Chuyên khoa. 2: Nhập tên một chuyên khoa tồn tại, ví dụ Mat. 3: Nhấn Tìm kiếm. 4: Quan sát kết quả và số lượng hiển thị. | D13: Hệ thống hiển thị các chuyên khoa có tên chứa từ khóa tìm kiếm. Không hiển thị chuyên khoa không phù hợp. Số lượng hiển thị được cập nhật tương ứng với số kết quả tìm được. Các card kết quả hiển thị đầy đủ thông tin và chức năng. | G13: TCSpecialty2 | H13: 46252 | I13: Pass | J13: Tìm kiếm theo từ khóa hoạt động đúng, kết quả và số lượng hiển thị phù hợp.
A14: TC-SPECIALTY-003 | B14: Kiểm tra tìm kiếm chuyên khoa với từ khóa không tồn tại | C14: 1: Patient mở trang Chuyên khoa. 2: Nhập tên một chuyên khoa không tồn tại, ví dụ Noi than kinh. 3: Nhấn Tìm kiếm. 4: Quan sát kết quả và số lượng hiển thị. | D14: Hệ thống không hiển thị card chuyên khoa không phù hợp. Số lượng chuyên khoa hiển thị bằng 0 và hiển thị trạng thái/thông báo không có kết quả theo giao diện thực tế. Trang không phát sinh lỗi. | G14: TCSpecialty3 | H14: 46252 | I14: Pass | J14: Hiển thị đúng trạng thái khi không có kết quả tìm kiếm.
A15: TC-SPECIALTY-004 | B15: Kiểm tra nút Xem bác sĩ thuộc khoa hiển thị đúng bác sĩ của chuyên khoa được chọn | C15: 1: Patient mở trang Chuyên khoa. 2: Chọn chuyên khoa mắt. 3: Nhấn Xem bác sĩ thuộc khoa. 4: Quan sát trang/kết quả được hiển thị. 5: Kiểm tra bác sĩ hiển thị có thuộc chuyên khoa Mắt. | D15: Hệ thống điều hướng hoặc hiển thị danh sách bác sĩ thuộc đúng chuyên khoa Mắt. Không hiển thị bác sĩ thuộc chuyên khoa khác và không phát sinh lỗi. | G15: TCSpecialty4 | H15: 46252 | I15: Pass | J15: Hiển thị đúng danh sách bác sĩ theo chuyên khoa được chọn.
A16: TC-SPECIALTY-005 | B16: Kiểm tra nút Xem chi tiết khoa hiển thị đúng thông tin chuyên khoa được chọn | C16: 1: Patient mở trang Chuyên khoa. 2: Chọn chuyên khoa mắt. 3: Nhấn Xem chi tiết khoa. 4: Quan sát trang/kết quả được hiển thị. 5: Kiểm tra tên chuyên khoa, thông tin giới thiệu, số lượng bác sĩ và đội ngũ bác sĩ trực thuộc hiển thị đúng với chuyên khoa Mắt. | D16: Hệ thống hiển thị hoặc điều hướng đến phần chi tiết của đúng chuyên khoa Mắt. Tên chuyên khoa và nội dung chi tiết tương ứng với chuyên khoa đã chọn. Không hiển thị nhầm chuyên khoa và không phát sinh lỗi. | G16: TCSpecialty5 | H16: 46252 | I16: Pass | J16: Hiển thị đúng và đầy đủ thông tin chi tiết của chuyên khoa được chọn.

Sheet DRUG_CATEGORY
A1: TEST CASE
A3: System Name： | B3: SpringMediCareWeb
A4: Module Code： | B4: DRUG - Drug Inventory Management
A5: Test requirement: | B5: Drug Inventory Management
A6: Pass | B6: 10 | C6: Pending | D6: 0
A7: Fail | B7: 1 | C7: Number of test cases: | D7: 11
A9: ID | B9: Test Case Description | C9: Test Case Procedure | D9: Expected Results | G9: Actual Results | H9: Test date | I9: Status | J9: Note
A12: 1. Kiểm tra hiển thị danh mục thuốc
A13: TC-DRUG-CATEGORY-001 | B13: Kiểm tra các danh mục thuốc được hiển thị đầy đủ trên trang Quản lý kho dược phẩm. | C13: 1: Đăng nhập hệ thống bằng tài khoản Admin hợp lệ. 2: Mở menu Quản lý Kho thuốc. 3: Truy cập trang Quản lý kho dược phẩm. 4: Xác định khu vực hiển thị các nút danh mục thuốc. 5: Kiểm tra nút Tất cả được hiển thị. 6: Kiểm tra các danh mục thuốc trong hệ thống được hiển thị thành các nút lựa chọn. 7: Kiểm tra tên các danh mục hiển thị không rỗng và không bị trùng lặp. | D13: Trang Quản lý kho dược phẩm được mở thành công. Nút Tất cả được hiển thị. Các danh mục thuốc được hiển thị đầy đủ dưới dạng các nút lọc. Tên danh mục không rỗng. Không xuất hiện hai nút danh mục có cùng tên. | G13: TCDrugCategory1 | H13: 46255 | I13: Pass | J13: Giao diện hệ thống thể hiện đúng.
A14: 2. Kiểm tra lọc dữ liệu
A15: TC-DRUG-CATEGORY-002 | B15: Kiểm tra hệ thống chỉ hiển thị các thuốc thuộc danh mục được Admin lựa chọn. | C15: 1: Đăng nhập hệ thống bằng tài khoản Admin hợp lệ. 2: Mở trang Quản lý kho dược phẩm. 3: Chọn danh mục Thuốc răng hàm mặt. 4: Chờ danh sách thuốc được cập nhật. 5: Lấy tất cả các dòng thuốc đang hiển thị trong bảng. 6: Đọc giá trị cột Danh mục của từng thuốc. 7: So sánh danh mục thực tế của từng thuốc với danh mục Thuốc răng hàm mặt đã chọn. | D15: Danh mục Thuốc răng hàm mặt được chọn thành công. Danh sách thuốc được cập nhật. Tất cả thuốc đang hiển thị đều có cột Danh mục = Thuốc răng hàm mặt. Không có thuốc thuộc danh mục khác xuất hiện trong kết quả. | G15: TCDrugCategory2 | H15: 46255 | I15: Pass | J15: Hệ thống thực hiện lọc đúng.
A16: 3. Kiểm tra chức năng cập nhật thuốc
A17: TC-DRUG-CATEGORY-003 | B17: Kiểm tra Admin có thể cập nhật thông tin của một thuốc đang tồn tại trong hệ thống. | C17: 1: Đăng nhập hệ thống bằng tài khoản Admin hợp lệ. 2: Truy cập trang Quản lý kho dược phẩm. 3: Tìm thuốc Franrogyl trong danh sách. 4: Nhấn nút Sửa của thuốc Franrogyl. 5: Kiểm tra hệ thống mở trang Cập nhật thuốc và hiển thị thông tin hiện tại của Franrogyl. 6: Thay đổi trường Giá từ 10000 thành 12000. 7: Nhấn nút Cập nhật/Lưu. 8: Chờ hệ thống xử lý và quay lại danh sách thuốc. 9: Tìm lại thuốc Franrogyl. 10: Kiểm tra giá của Franrogyl đã được cập nhật thành 12.000đ. | D17: Trang cập nhật hiển thị đúng thông tin hiện tại của thuốc Franrogyl. Hệ thống cho phép thay đổi giá thuốc và lưu thành công. Sau khi cập nhật, Franrogyl hiển thị giá mới là 12.000đ trong danh sách thuốc. | G17: TCDrugCategory3_1, TCDrugCategory3_2 | H17: 46255 | I17: Pass | J17: Hệ thống thực hiện cập nhật đúng.
A18: 4. Kiểm tra chức năng tìm kiếm
A19: TC-DRUG-CATEGORY-004 | B19: Kiểm tra hệ thống tìm kiếm và hiển thị đúng thuốc theo tên được Admin nhập. | C19: 1: Đăng nhập bằng tài khoản Admin hợp lệ. 2: Mở trang Quản lý kho dược phẩm. 3: Chọn Tất cả. 4: Nhập Franrogyl vào ô tìm kiếm. 5: Nhấn Tìm kiếm. 6: Chờ hệ thống trả về kết quả. 7: Kiểm tra tên thuốc trong danh sách kết quả. | D19: Hệ thống tìm thấy thuốc Franrogyl. Kết quả hiển thị thuốc có tên phù hợp với từ khóa tìm kiếm. Không xuất hiện thuốc không phù hợp với từ khóa. | G19: TCDrugCategory4 | H19: 46255 | I19: Pass | J19: Hệ thống thực hiện tìm kiếm đúng.
A20: TC-DRUG-CATEGORY-005 | B20: Kiểm tra hệ thống xử lý đúng khi Admin tìm một thuốc không thuộc danh mục đang được chọn. | C20: 1: Đăng nhập bằng tài khoản Admin hợp lệ. 2: Mở trang Quản lý kho dược phẩm. 3: Chọn danh mục Thuốc tiêu hóa. 4: Chờ danh sách được cập nhật. 5: Nhập Franrogyl vào ô tìm kiếm. 6: Nhấn Tìm kiếm. 7: Chờ hệ thống trả về kết quả. 8: Kiểm tra danh sách thuốc sau khi tìm kiếm. | D20: Hệ thống không hiển thị Franrogyl nếu thuốc không thuộc danh mục Thuốc tiêu hóa. Không xuất hiện thuốc sai điều kiện danh mục. Trang không phát sinh lỗi hoặc bị treo khi không có kết quả phù hợp. | G20: TCDrugCategory5 | H20: 46255 | I20: Pass | J20: Hệ thống thực hiện tìm kiếm đúng.
A21: TC-DRUG-CATEGORY-006 | B21: Kiểm tra hệ thống xử lý đúng khi Admin tìm một thuốc thuộc danh mục đang được chọn. | C21: 1: Đăng nhập bằng tài khoản Admin hợp lệ. 2: Mở trang Quản lý kho dược phẩm. 3: Chọn danh mục Thuốc răng hàm mặt. 4: Chờ danh sách được cập nhật. 5: Nhập Franrogyl vào ô tìm kiếm. 6: Nhấn Tìm kiếm. 7: Chờ hệ thống trả về kết quả. 8: Kiểm tra danh sách thuốc sau khi tìm kiếm. | D21: Hệ thống hiển thị Franrogyl nếu thuốc thuộc danh mục Thuốc răng hàm mặt. Không xuất hiện thuốc sai điều kiện danh mục. Trang không phát sinh lỗi trong quá trình lọc và tìm kiếm. | G21: TCDrugCategory6 | H21: 46255 | I21: Pass | J21: Hệ thống thực hiện tìm kiếm đúng.
A22: 5. Kiểm tra thêm thuốc
A23: TC-DRUG-CATEGORY-007 | B23: Kiểm tra Admin có thể thêm mới thuốc khi nhập đầy đủ các thông tin hợp lệ. | C23: 1: Đăng nhập hệ thống bằng tài khoản Admin hợp lệ. 2: Mở trang Quản lý kho dược phẩm. 3: Nhấn nút Thêm thuốc. 4: Chọn danh mục và nhập đầy đủ thông tin của thuốc. 5: Nhập Giá, Số lượng tồn và Số lượng tối thiểu hợp lệ. 6: Chọn Ngày sản xuất và Hạn sử dụng hợp lệ. 7: Nhấn nút Thêm thuốc. 8: Kiểm tra thông báo thêm thuốc thành công. 9: Tìm thuốc vừa thêm trong danh sách và kiểm tra thông tin hiển thị. | D23: Hệ thống chấp nhận dữ liệu hợp lệ và thêm thuốc thành công. Hiển thị thông báo thêm thuốc thành công. Thuốc mới xuất hiện trong danh sách với thông tin đúng như đã nhập. | G23: TCDrugCategory7_1, TCDrugCategory7_2 | H23: 46255 | I23: Pass | J23: Hệ thống thực hiện thêm thuốc thành công với dữ liệu hợp lệ.
A24: TC-DRUG-CATEGORY-008 | B24: Kiểm tra hệ thống không cho phép Admin thêm thuốc khi bỏ trống trường thông tin bắt buộc. | C24: 1: Đăng nhập hệ thống bằng tài khoản Admin hợp lệ. 2: Mở trang Quản lý kho dược phẩm. 3: Nhấn nút Thêm thuốc. 4: Để trống một trường bắt buộc, ví dụ Tên thuốc. 5: Nhập đầy đủ và hợp lệ các trường bắt buộc còn lại. 6: Nhấn nút Thêm thuốc. 7: Kiểm tra hệ thống xác định và đưa focus về trường Tên thuốc bị bỏ trống. 8: Kiểm tra thuốc không được tạo mới trong danh sách. | D24: Hệ thống không cho phép thêm thuốc khi thiếu thông tin bắt buộc. Hệ thống xác định trường Tên thuốc chưa được nhập và đưa focus về trường này. Thuốc không được tạo mới trong hệ thống. | G24: TCDrugCategory8_1, TCDrugCategory8_2 | H24: 46255 | I24: Pass | J24: Hệ thống thực hiện đúng nghiệp vụ, không thêm thuốc khi chưa nhập đủ các trường bắt buộc.
A25: TC-DRUG-CATEGORY-009 | B25: Kiểm tra hệ thống không cho phép Admin thêm thuốc khi các trường dữ liệu số gồm Giá, Số lượng tồn kho hoặc Số lượng tối thiểu có giá trị âm. | C25: 1: Đăng nhập hệ thống bằng tài khoản Admin hợp lệ. 2: Mở trang Quản lý kho dược phẩm và chọn + Thêm thuốc. 3: Nhập đầy đủ các thông tin hợp lệ cho thuốc. 4: Nhập giá trị âm -12000 vào trường Giá và nhấn Thêm thuốc. 5: Kiểm tra hệ thống không cho phép gửi form và hiển thị cảnh báo tại trường Giá. 6: Sửa Giá về giá trị hợp lệ, sau đó nhập -107 vào Số lượng tồn kho và nhấn Thêm thuốc. 7: Kiểm tra hệ thống tiếp tục chặn và cảnh báo tại trường Số lượng tồn kho. 8: Sửa Số lượng tồn kho về giá trị hợp lệ, nhập -20 vào Số lượng tối thiểu và nhấn Thêm thuốc. 9: Kiểm tra hệ thống chặn thao tác và cảnh báo tại trường Số lượng tối thiểu. 10: Kiểm tra thuốc không được thêm mới khi tồn tại bất kỳ giá trị âm nào. | D25: Hệ thống không cho phép thêm thuốc khi Giá, Số lượng tồn kho hoặc Số lượng tối thiểu có giá trị nhỏ hơn 0. | G25: TCDrugCategory9_1, TCDrugCategory9_2, TCDrugCategory9_3 | H25: 46255 | I25: Pass | J25: Hệ thống thực hiện đúng nghiệp vụ, không thêm thuốc khi các trường số liệu nhập giá trị âm.
A26: TC-DRUG-CATEGORY-010 | B26: Kiểm tra hệ thống không cho phép Admin thêm thuốc khi hạn sử dụng trước ngày sản xuất. | C26: 1: Đăng nhập hệ thống bằng tài khoản Admin hợp lệ. 2: Mở trang Quản lý kho dược phẩm. 3: Nhấn nút Thêm thuốc. 4: Nhập đầy đủ các thông tin hợp lệ của thuốc. 5: Chọn Ngày sản xuất là 20/08/2025. 6: Chọn Hạn sử dụng là 19/08/2025. 7: Nhấn nút Thêm thuốc. 8: Kiểm tra thông báo validation về ngày. 9: Kiểm tra thuốc không được tạo mới trong danh sách. | D26: Hệ thống xác định hạn sử dụng trước ngày sản xuất là không hợp lệ. Hệ thống không cho phép thêm thuốc và hiển thị thông báo validation phù hợp. Thuốc không được tạo mới trong hệ thống. | G26: TCDrugCategory10_1, TCDrugCategory10_2 | H26: 46255 | I26: Fail | J26: Hệ thống vẫn cho phép thêm thuốc khi Hạn sử dụng nhỏ hơn Ngày sản xuất. Chưa có validation kiểm tra mối quan hệ giữa Ngày sản xuất và Hạn sử dụng.
A27: 6. Kiểm tra chức năng xóa thuốc
A28: TC-DRUG-CATEGORY-011 | B28: Kiểm tra Admin có thể xóa một thuốc đang tồn tại khỏi danh sách Quản lý kho dược phẩm. | C28: 1: Đăng nhập hệ thống bằng tài khoản Admin hợp lệ. 2: Mở trang Quản lý kho dược phẩm. 3: Xác định thuốc cần xóa trong danh sách. 4: Ghi nhận tên thuốc trước khi thực hiện xóa. 5: Nhấn nút Xóa tại dòng của thuốc đó. 6: Nếu hệ thống hiển thị hộp thoại xác nhận, chọn Xác nhận/OK. 7: Chờ hệ thống xử lý và cập nhật lại danh sách thuốc. 8: Kiểm tra thuốc vừa xóa không còn xuất hiện trong danh sách. | D28: Hệ thống thực hiện xóa đúng thuốc được Admin lựa chọn. Sau khi xóa thành công, thuốc không còn xuất hiện trong danh sách Quản lý kho dược phẩm. Các thuốc khác trong danh sách không bị ảnh hưởng. Hệ thống không phát sinh lỗi trong quá trình xóa. | G28: TCDrugCategory11_1, TCDrugCategory11_2 | H28: 46255 | I28: Pass | J28: Hiển thị xác nhận xóa; sau khi chọn OK, thuốc được xóa thành công và không còn xuất hiện trong danh sách.

Sheet STAT
A1: TEST CASE
A3: System Name： | B3: SpringMediCareWeb
A4: Module Code： | B4: STAT - Statistics and Reporting
A5: Test requirement: | B5: Statistics and Reporting
A6: Pass | B6: 4 | C6: Pending | D6: 0
A7: Fail | B7: 0 | C7: Number of test cases: | D7: 4
A9: ID | B9: Test Case Description | C9: Test Case Procedure | D9: Expected Results | G9: Actual Results | H9: Test date | I9: Status | J9: Note
A12: 1. Kiểm tra thống kê thuốc
A13: TC-STAT-001 | B13: Kiểm tra hệ thống hiển thị đúng thống kê số lượng thuốc theo từng danh mục dưới dạng biểu đồ và bảng dữ liệu. | C13: 1: Đăng nhập hệ thống bằng tài khoản Admin hợp lệ. 2: Mở menu Quản lý Kho thuốc. 3: Truy cập trang Thống kê thuốc. 4: Kiểm tra biểu đồ Thuốc theo danh mục được hiển thị. 5: Kiểm tra bảng thống kê danh mục thuốc được hiển thị bên dưới biểu đồ. 6: Ghi nhận số lượng của một số danh mục trong bảng. 7: Đối chiếu số lượng trong bảng với giá trị tương ứng trên biểu đồ. 8: Kiểm tra các danh mục hiển thị trong bảng có dữ liệu số lượng tương ứng và không xuất hiện lỗi hiển thị. | D13: Trang Thống kê thuốc được mở thành công. Biểu đồ và bảng thống kê số lượng thuốc theo danh mục được hiển thị đầy đủ. Số liệu giữa biểu đồ và bảng tương ứng với nhau. Không phát sinh lỗi trong quá trình hiển thị dữ liệu. | G13: TCStat1 | H13: 46256 | I13: Pass | J13: Biểu đồ và bảng thống kê thuốc hiển thị đầy đủ, số liệu tương ứng.
A14: 2. Kiểm tra thống kê và báo cáo
A15: TC-STAT-002 | B15: Kiểm tra hệ thống hiển thị đúng thống kê bệnh nhân theo giới tính, nhóm tuổi và chuyên khoa; số liệu trên biểu đồ tương ứng với bảng chi tiết. | C15: 1: Đăng nhập hệ thống bằng tài khoản Admin hợp lệ. 2: Mở trang Thống kê và báo cáo. 3: Xác định khu vực Bệnh nhân theo giới tính. 4: Kiểm tra biểu đồ và bảng số lượng bệnh nhân theo giới tính. 5: Đối chiếu số liệu giữa biểu đồ và bảng. 6: Kiểm tra tương tự khu vực Bệnh nhân theo nhóm tuổi. 7: Đối chiếu số liệu nhóm tuổi giữa biểu đồ và bảng. 8: Di chuyển đến khu vực Bệnh nhân theo chuyên khoa. 9: Kiểm tra biểu đồ, bảng và đối chiếu số liệu tương ứng. 10: Kiểm tra các khu vực thống kê hiển thị bình thường, không phát sinh lỗi. | D15: Các thống kê bệnh nhân theo giới tính, nhóm tuổi và chuyên khoa được hiển thị thành công. Biểu đồ và bảng dữ liệu của từng nhóm thống kê có số liệu tương ứng. Các nhóm dữ liệu được hiển thị đúng tên và số lượng. Trang không phát sinh lỗi hoặc mất dữ liệu trong quá trình hiển thị. | G15: TCStat2_1, TCStat2_2 | H15: 46256 | I15: Pass | J15: Các thống kê theo giới tính, nhóm tuổi và chuyên khoa hiển thị đúng; số liệu biểu đồ khớp bảng.
A16: TC-STAT-003 | B16: Kiểm tra hệ thống hiển thị đúng doanh thu đã thanh toán theo các tháng của năm được Admin lựa chọn. | C16: 1: Đăng nhập hệ thống bằng tài khoản Admin hợp lệ. 2: Mở trang Thống kê và báo cáo. 3: Di chuyển đến khu vực Doanh thu theo tháng. 4: Nhập năm 2026 vào trường lựa chọn năm. 5: Nhấn nút Xem doanh thu. 6: Chờ hệ thống tải dữ liệu doanh thu. 7: Kiểm tra biểu đồ doanh thu theo tháng được hiển thị. 8: Kiểm tra bảng doanh thu bên dưới biểu đồ. 9: Đối chiếu tháng và mức doanh thu thể hiện trên biểu đồ với dữ liệu trong bảng. 10: Kiểm tra giá trị doanh thu được hiển thị đúng định dạng tiền tệ. | D16: Hệ thống chấp nhận năm hợp lệ và tải dữ liệu doanh thu tương ứng. Biểu đồ và bảng doanh thu theo tháng được hiển thị. Tháng và mức doanh thu trên biểu đồ phù hợp với dữ liệu trong bảng. Doanh thu được hiển thị đúng định dạng tiền tệ. Không phát sinh lỗi khi xem doanh thu. | G16: TCStat3 | H16: 46256 | I16: Pass | J16: Doanh thu năm 2026 hiển thị đúng; Tháng 4 có doanh thu 900.000 VNĐ.
A17: TC-STAT-004 | B17: Kiểm tra hệ thống hiển thị danh sách các chẩn đoán và số lượng bệnh nhân tương ứng tại khu vực Bệnh phổ biến trong cộng đồng. | C17: 1: Đăng nhập hệ thống bằng tài khoản Admin hợp lệ. 2: Mở trang Thống kê và báo cáo. 3: Di chuyển đến khu vực Bệnh phổ biến trong cộng đồng. 4: Kiểm tra bảng thống kê được hiển thị. 5: Kiểm tra cột Chẩn đoán được hiển thị. 6: Kiểm tra cột Số lượng bệnh nhân được hiển thị. 7: Kiểm tra các dòng dữ liệu có tên chẩn đoán và số lượng tương ứng. 8: Cuộn trong bảng nếu danh sách có nhiều dữ liệu. 9: Kiểm tra hệ thống vẫn hiển thị dữ liệu ổn định khi cuộn danh sách. | D17: Bảng Bệnh phổ biến trong cộng đồng được hiển thị thành công. Các cột Chẩn đoán và Số lượng bệnh nhân được hiển thị đầy đủ. Mỗi dòng có dữ liệu chẩn đoán và số lượng bệnh nhân tương ứng. Danh sách có thể cuộn và không phát sinh lỗi hiển thị. | G17: TCStat4 | H17: 46256 | I17: Pass | J17: Bảng bệnh phổ biến hiển thị đúng chẩn đoán và số lượng bệnh nhân, có thể cuộn danh sách.
